df_sample	k__Archaea|p__Euryarchaeota|c__Methanobacteria|o__Methanobacteriales|f__Methanobacteriaceae|g__Methanobrevibacter	k__Bacteria|p__Actinobacteria|c__Actinobacteria|o__Actinomycetales|f__Actinomycetaceae|g__Actinobaculum	k__Bacteria|p__Actinobacteria|c__Actinobacteria|o__Actinomycetales|f__Actinomycetaceae|g__Actinomyces	k__Bacteria|p__Actinobacteria|c__Actinobacteria|o__Bifidobacteriales|f__Bifidobacteriaceae|g__Alloscardovia	k__Bacteria|p__Actinobacteria|c__Actinobacteria|o__Bifidobacteriales|f__Bifidobacteriaceae|g__Bifidobacterium	k__Bacteria|p__Actinobacteria|c__Actinobacteria|o__Bifidobacteriales|f__Bifidobacteriaceae|g__Parascardovia	k__Bacteria|p__Actinobacteria|c__Actinobacteria|o__Bifidobacteriales|f__Bifidobacteriaceae|g__Scardovia	k__Bacteria|p__Actinobacteria|c__Actinobacteria|o__Corynebacteriales|f__Corynebacteriaceae|g__Corynebacterium	k__Bacteria|p__Actinobacteria|c__Actinobacteria|o__Micrococcales|f__Micrococcaceae|g__Rothia	k__Bacteria|p__Actinobacteria|c__Actinobacteria|o__Propionibacteriales|f__Propionibacteriaceae|g__Propionibacterium	k__Bacteria|p__Actinobacteria|c__Coriobacteriia|o__Coriobacteriales|f__Atopobiaceae|g__Atopobium	k__Bacteria|p__Actinobacteria|c__Coriobacteriia|o__Coriobacteriales|f__Atopobiaceae|g__Olsenella	k__Bacteria|p__Actinobacteria|c__Coriobacteriia|o__Coriobacteriales|f__Coriobacteriaceae|g__Collinsella	k__Bacteria|p__Actinobacteria|c__Coriobacteriia|o__Coriobacteriales|f__Coriobacteriaceae|g__Enorma	k__Bacteria|p__Actinobacteria|c__Coriobacteriia|o__Eggerthellales|f__Eggerthellaceae|g__Adlercreutzia	k__Bacteria|p__Actinobacteria|c__Coriobacteriia|o__Eggerthellales|f__Eggerthellaceae|g__Asaccharobacter	k__Bacteria|p__Actinobacteria|c__Coriobacteriia|o__Eggerthellales|f__Eggerthellaceae|g__Eggerthella	k__Bacteria|p__Actinobacteria|c__Coriobacteriia|o__Eggerthellales|f__Eggerthellaceae|g__Enterorhabdus	k__Bacteria|p__Actinobacteria|c__Coriobacteriia|o__Eggerthellales|f__Eggerthellaceae|g__Gordonibacter	k__Bacteria|p__Actinobacteria|c__Coriobacteriia|o__Eggerthellales|f__Eggerthellaceae|g__Slackia	k__Bacteria|p__Bacteroidetes|c__Bacteroidia|o__Bacteroidales|f__Bacteroidaceae|g__Bacteroides	k__Bacteria|p__Bacteroidetes|c__Bacteroidia|o__Bacteroidales|f__Barnesiellaceae|g__Barnesiella	k__Bacteria|p__Bacteroidetes|c__Bacteroidia|o__Bacteroidales|f__Barnesiellaceae|g__Coprobacter	k__Bacteria|p__Bacteroidetes|c__Bacteroidia|o__Bacteroidales|f__Odoribacteraceae|g__Butyricimonas	k__Bacteria|p__Bacteroidetes|c__Bacteroidia|o__Bacteroidales|f__Odoribacteraceae|g__Odoribacter	k__Bacteria|p__Bacteroidetes|c__Bacteroidia|o__Bacteroidales|f__Porphyromonadaceae|g__Porphyromonas	k__Bacteria|p__Bacteroidetes|c__Bacteroidia|o__Bacteroidales|f__Prevotellaceae|g__Paraprevotella	k__Bacteria|p__Bacteroidetes|c__Bacteroidia|o__Bacteroidales|f__Prevotellaceae|g__Prevotella	k__Bacteria|p__Bacteroidetes|c__Bacteroidia|o__Bacteroidales|f__Rikenellaceae|g__Alistipes	k__Bacteria|p__Bacteroidetes|c__Bacteroidia|o__Bacteroidales|f__Tannerellaceae|g__Parabacteroides	k__Bacteria|p__Firmicutes|c__Bacilli|o__Bacillales|f__Bacillales_unclassified|g__Gemella	k__Bacteria|p__Firmicutes|c__Bacilli|o__Bacillales|f__Staphylococcaceae|g__Staphylococcus	k__Bacteria|p__Firmicutes|c__Bacilli|o__Lactobacillales|f__Aerococcaceae|g__Abiotrophia	k__Bacteria|p__Firmicutes|c__Bacilli|o__Lactobacillales|f__Carnobacteriaceae|g__Granulicatella	k__Bacteria|p__Firmicutes|c__Bacilli|o__Lactobacillales|f__Enterococcaceae|g__Enterococcus	k__Bacteria|p__Firmicutes|c__Bacilli|o__Lactobacillales|f__Lactobacillaceae|g__Lactobacillus	k__Bacteria|p__Firmicutes|c__Bacilli|o__Lactobacillales|f__Lactobacillaceae|g__Pediococcus	k__Bacteria|p__Firmicutes|c__Bacilli|o__Lactobacillales|f__Leuconostocaceae|g__Leuconostoc	k__Bacteria|p__Firmicutes|c__Bacilli|o__Lactobacillales|f__Leuconostocaceae|g__Weissella	k__Bacteria|p__Firmicutes|c__Bacilli|o__Lactobacillales|f__Streptococcaceae|g__Lactococcus	k__Bacteria|p__Firmicutes|c__Bacilli|o__Lactobacillales|f__Streptococcaceae|g__Streptococcus	k__Bacteria|p__Firmicutes|c__Clostridia|o__Clostridiales|f__Catabacteriaceae|g__Catabacter	k__Bacteria|p__Firmicutes|c__Clostridia|o__Clostridiales|f__Christensenellaceae|g__Christensenella	k__Bacteria|p__Firmicutes|c__Clostridia|o__Clostridiales|f__Clostridiaceae|g__Butyricicoccus	k__Bacteria|p__Firmicutes|c__Clostridia|o__Clostridiales|f__Clostridiaceae|g__Clostridium	k__Bacteria|p__Firmicutes|c__Clostridia|o__Clostridiales|f__Clostridiaceae|g__Hungatella	k__Bacteria|p__Firmicutes|c__Clostridia|o__Clostridiales|f__Clostridiaceae|g__Lactonifactor	k__Bacteria|p__Firmicutes|c__Clostridia|o__Clostridiales|f__Clostridiales_Family_XIII_Incertae_Sedis|g__Clostridiales_Family_XIII_Incertae_Sedis_unclassified	k__Bacteria|p__Firmicutes|c__Clostridia|o__Clostridiales|f__Clostridiales_Family_XIII_Incertae_Sedis|g__Mogibacterium	k__Bacteria|p__Firmicutes|c__Clostridia|o__Clostridiales|f__Clostridiales_unclassified|g__Clostridiales_unclassified	k__Bacteria|p__Firmicutes|c__Clostridia|o__Clostridiales|f__Clostridiales_unclassified|g__Intestinimonas	k__Bacteria|p__Firmicutes|c__Clostridia|o__Clostridiales|f__Clostridiales_unclassified|g__Lawsonibacter	k__Bacteria|p__Firmicutes|c__Clostridia|o__Clostridiales|f__Clostridiales_unclassified|g__Monoglobus	k__Bacteria|p__Firmicutes|c__Clostridia|o__Clostridiales|f__Eubacteriaceae|g__Anaerofustis	k__Bacteria|p__Firmicutes|c__Clostridia|o__Clostridiales|f__Eubacteriaceae|g__Eubacterium	k__Bacteria|p__Firmicutes|c__Clostridia|o__Clostridiales|f__Lachnospiraceae|g__Anaerostipes	k__Bacteria|p__Firmicutes|c__Clostridia|o__Clostridiales|f__Lachnospiraceae|g__Anaerotignum	k__Bacteria|p__Firmicutes|c__Clostridia|o__Clostridiales|f__Lachnospiraceae|g__Blautia	k__Bacteria|p__Firmicutes|c__Clostridia|o__Clostridiales|f__Lachnospiraceae|g__Butyrivibrio	k__Bacteria|p__Firmicutes|c__Clostridia|o__Clostridiales|f__Lachnospiraceae|g__Coprococcus	k__Bacteria|p__Firmicutes|c__Clostridia|o__Clostridiales|f__Lachnospiraceae|g__Dorea	k__Bacteria|p__Firmicutes|c__Clostridia|o__Clostridiales|f__Lachnospiraceae|g__Eisenbergiella	k__Bacteria|p__Firmicutes|c__Clostridia|o__Clostridiales|f__Lachnospiraceae|g__Faecalicatena	k__Bacteria|p__Firmicutes|c__Clostridia|o__Clostridiales|f__Lachnospiraceae|g__Fusicatenibacter	k__Bacteria|p__Firmicutes|c__Clostridia|o__Clostridiales|f__Lachnospiraceae|g__Lachnoclostridium	k__Bacteria|p__Firmicutes|c__Clostridia|o__Clostridiales|f__Lachnospiraceae|g__Lachnospira	k__Bacteria|p__Firmicutes|c__Clostridia|o__Clostridiales|f__Lachnospiraceae|g__Lachnospiraceae_unclassified	k__Bacteria|p__Firmicutes|c__Clostridia|o__Clostridiales|f__Lachnospiraceae|g__Marvinbryantia	k__Bacteria|p__Firmicutes|c__Clostridia|o__Clostridiales|f__Lachnospiraceae|g__Murimonas	k__Bacteria|p__Firmicutes|c__Clostridia|o__Clostridiales|f__Lachnospiraceae|g__Oribacterium	k__Bacteria|p__Firmicutes|c__Clostridia|o__Clostridiales|f__Lachnospiraceae|g__Roseburia	k__Bacteria|p__Firmicutes|c__Clostridia|o__Clostridiales|f__Lachnospiraceae|g__Sellimonas	k__Bacteria|p__Firmicutes|c__Clostridia|o__Clostridiales|f__Lachnospiraceae|g__Tyzzerella	k__Bacteria|p__Firmicutes|c__Clostridia|o__Clostridiales|f__Oscillospiraceae|g__Oscillibacter	k__Bacteria|p__Firmicutes|c__Clostridia|o__Clostridiales|f__Peptococcaceae|g__Peptococcus	k__Bacteria|p__Firmicutes|c__Clostridia|o__Clostridiales|f__Peptostreptococcaceae|g__Clostridioides	k__Bacteria|p__Firmicutes|c__Clostridia|o__Clostridiales|f__Peptostreptococcaceae|g__Intestinibacter	k__Bacteria|p__Firmicutes|c__Clostridia|o__Clostridiales|f__Peptostreptococcaceae|g__Romboutsia	k__Bacteria|p__Firmicutes|c__Clostridia|o__Clostridiales|f__Peptostreptococcaceae|g__Terrisporobacter	k__Bacteria|p__Firmicutes|c__Clostridia|o__Clostridiales|f__Ruminococcaceae|g__Agathobaculum	k__Bacteria|p__Firmicutes|c__Clostridia|o__Clostridiales|f__Ruminococcaceae|g__Anaerofilum	k__Bacteria|p__Firmicutes|c__Clostridia|o__Clostridiales|f__Ruminococcaceae|g__Anaeromassilibacillus	k__Bacteria|p__Firmicutes|c__Clostridia|o__Clostridiales|f__Ruminococcaceae|g__Anaerotruncus	k__Bacteria|p__Firmicutes|c__Clostridia|o__Clostridiales|f__Ruminococcaceae|g__Faecalibacterium	k__Bacteria|p__Firmicutes|c__Clostridia|o__Clostridiales|f__Ruminococcaceae|g__Flavonifractor	k__Bacteria|p__Firmicutes|c__Clostridia|o__Clostridiales|f__Ruminococcaceae|g__Gemmiger	k__Bacteria|p__Firmicutes|c__Clostridia|o__Clostridiales|f__Ruminococcaceae|g__Harryflintia	k__Bacteria|p__Firmicutes|c__Clostridia|o__Clostridiales|f__Ruminococcaceae|g__Pseudoflavonifractor	k__Bacteria|p__Firmicutes|c__Clostridia|o__Clostridiales|f__Ruminococcaceae|g__Ruminococcaceae_unclassified	k__Bacteria|p__Firmicutes|c__Clostridia|o__Clostridiales|f__Ruminococcaceae|g__Ruminococcus	k__Bacteria|p__Firmicutes|c__Clostridia|o__Clostridiales|f__Ruminococcaceae|g__Ruthenibacterium	k__Bacteria|p__Firmicutes|c__Erysipelotrichia|o__Erysipelotrichales|f__Erysipelotrichaceae|g__Absiella	k__Bacteria|p__Firmicutes|c__Erysipelotrichia|o__Erysipelotrichales|f__Erysipelotrichaceae|g__Candidatus_Stoquefichus	k__Bacteria|p__Firmicutes|c__Erysipelotrichia|o__Erysipelotrichales|f__Erysipelotrichaceae|g__Catenibacterium	k__Bacteria|p__Firmicutes|c__Erysipelotrichia|o__Erysipelotrichales|f__Erysipelotrichaceae|g__Coprobacillus	k__Bacteria|p__Firmicutes|c__Erysipelotrichia|o__Erysipelotrichales|f__Erysipelotrichaceae|g__Dielma	k__Bacteria|p__Firmicutes|c__Erysipelotrichia|o__Erysipelotrichales|f__Erysipelotrichaceae|g__Erysipelatoclostridium	k__Bacteria|p__Firmicutes|c__Erysipelotrichia|o__Erysipelotrichales|f__Erysipelotrichaceae|g__Erysipelothrix	k__Bacteria|p__Firmicutes|c__Erysipelotrichia|o__Erysipelotrichales|f__Erysipelotrichaceae|g__Faecalicoccus	k__Bacteria|p__Firmicutes|c__Erysipelotrichia|o__Erysipelotrichales|f__Erysipelotrichaceae|g__Faecalitalea	k__Bacteria|p__Firmicutes|c__Erysipelotrichia|o__Erysipelotrichales|f__Erysipelotrichaceae|g__Holdemanella	k__Bacteria|p__Firmicutes|c__Erysipelotrichia|o__Erysipelotrichales|f__Erysipelotrichaceae|g__Holdemania	k__Bacteria|p__Firmicutes|c__Erysipelotrichia|o__Erysipelotrichales|f__Erysipelotrichaceae|g__Massiliomicrobiota	k__Bacteria|p__Firmicutes|c__Erysipelotrichia|o__Erysipelotrichales|f__Erysipelotrichaceae|g__Turicibacter	k__Bacteria|p__Firmicutes|c__Firmicutes_unclassified|o__Firmicutes_unclassified|f__Firmicutes_unclassified|g__Firmicutes_unclassified	k__Bacteria|p__Firmicutes|c__Negativicutes|o__Acidaminococcales|f__Acidaminococcaceae|g__Acidaminococcus	k__Bacteria|p__Firmicutes|c__Negativicutes|o__Acidaminococcales|f__Acidaminococcaceae|g__Phascolarctobacterium	k__Bacteria|p__Firmicutes|c__Negativicutes|o__Selenomonadales|f__Selenomonadaceae|g__Megamonas	k__Bacteria|p__Firmicutes|c__Negativicutes|o__Veillonellales|f__Veillonellaceae|g__Allisonella	k__Bacteria|p__Firmicutes|c__Negativicutes|o__Veillonellales|f__Veillonellaceae|g__Anaeroglobus	k__Bacteria|p__Firmicutes|c__Negativicutes|o__Veillonellales|f__Veillonellaceae|g__Dialister	k__Bacteria|p__Firmicutes|c__Negativicutes|o__Veillonellales|f__Veillonellaceae|g__Megasphaera	k__Bacteria|p__Firmicutes|c__Negativicutes|o__Veillonellales|f__Veillonellaceae|g__Veillonella	k__Bacteria|p__Firmicutes|c__Tissierellia|o__Tissierellales|f__Peptoniphilaceae|g__Anaerococcus	k__Bacteria|p__Firmicutes|c__Tissierellia|o__Tissierellales|f__Peptoniphilaceae|g__Finegoldia	k__Bacteria|p__Firmicutes|c__Tissierellia|o__Tissierellales|f__Peptoniphilaceae|g__Parvimonas	k__Bacteria|p__Firmicutes|c__Tissierellia|o__Tissierellales|f__Peptoniphilaceae|g__Peptoniphilus	k__Bacteria|p__Fusobacteria|c__Fusobacteriia|o__Fusobacteriales|f__Fusobacteriaceae|g__Fusobacterium	k__Bacteria|p__Fusobacteria|c__Fusobacteriia|o__Fusobacteriales|f__Leptotrichiaceae|g__Leptotrichia	k__Bacteria|p__Lentisphaerae|c__Lentisphaeria|o__Victivallales|f__Victivallaceae|g__Victivallis	k__Bacteria|p__Proteobacteria|c__Betaproteobacteria|o__Burkholderiales|f__Oxalobacteraceae|g__Oxalobacter	k__Bacteria|p__Proteobacteria|c__Betaproteobacteria|o__Burkholderiales|f__Sutterellaceae|g__Parasutterella	k__Bacteria|p__Proteobacteria|c__Betaproteobacteria|o__Burkholderiales|f__Sutterellaceae|g__Sutterella	k__Bacteria|p__Proteobacteria|c__Betaproteobacteria|o__Burkholderiales|f__Sutterellaceae|g__Turicimonas	k__Bacteria|p__Proteobacteria|c__Betaproteobacteria|o__Neisseriales|f__Neisseriaceae|g__Neisseria	k__Bacteria|p__Proteobacteria|c__Deltaproteobacteria|o__Desulfovibrionales|f__Desulfovibrionaceae|g__Bilophila	k__Bacteria|p__Proteobacteria|c__Deltaproteobacteria|o__Desulfovibrionales|f__Desulfovibrionaceae|g__Desulfovibrio	k__Bacteria|p__Proteobacteria|c__Deltaproteobacteria|o__Desulfovibrionales|f__Desulfovibrionaceae|g__Desulfovibrionaceae_unclassified	k__Bacteria|p__Proteobacteria|c__Epsilonproteobacteria|o__Campylobacterales|f__Campylobacteraceae|g__Campylobacter	k__Bacteria|p__Proteobacteria|c__Gammaproteobacteria|o__Aeromonadales|f__Aeromonadaceae|g__Aeromonas	k__Bacteria|p__Proteobacteria|c__Gammaproteobacteria|o__Cardiobacteriales|f__Cardiobacteriaceae|g__Cardiobacterium	k__Bacteria|p__Proteobacteria|c__Gammaproteobacteria|o__Enterobacterales|f__Enterobacteriaceae|g__Citrobacter	k__Bacteria|p__Proteobacteria|c__Gammaproteobacteria|o__Enterobacterales|f__Enterobacteriaceae|g__Enterobacter	k__Bacteria|p__Proteobacteria|c__Gammaproteobacteria|o__Enterobacterales|f__Enterobacteriaceae|g__Escherichia	k__Bacteria|p__Proteobacteria|c__Gammaproteobacteria|o__Enterobacterales|f__Enterobacteriaceae|g__Klebsiella	k__Bacteria|p__Proteobacteria|c__Gammaproteobacteria|o__Enterobacterales|f__Hafniaceae|g__Hafnia	k__Bacteria|p__Proteobacteria|c__Gammaproteobacteria|o__Enterobacterales|f__Morganellaceae|g__Morganella	k__Bacteria|p__Proteobacteria|c__Gammaproteobacteria|o__Enterobacterales|f__Morganellaceae|g__Proteus	k__Bacteria|p__Proteobacteria|c__Gammaproteobacteria|o__Enterobacterales|f__Yersiniaceae|g__Serratia	k__Bacteria|p__Proteobacteria|c__Gammaproteobacteria|o__Pasteurellales|f__Pasteurellaceae|g__Aggregatibacter	k__Bacteria|p__Proteobacteria|c__Gammaproteobacteria|o__Pasteurellales|f__Pasteurellaceae|g__Haemophilus	k__Bacteria|p__Proteobacteria|c__Gammaproteobacteria|o__Pseudomonadales|f__Pseudomonadaceae|g__Pseudomonas	k__Bacteria|p__Proteobacteria|c__Proteobacteria_unclassified|o__Proteobacteria_unclassified|f__Proteobacteria_unclassified|g__Proteobacteria_unclassified	k__Bacteria|p__Synergistetes|c__Synergistia|o__Synergistales|f__Synergistaceae|g__Cloacibacillus	k__Bacteria|p__Synergistetes|c__Synergistia|o__Synergistales|f__Synergistaceae|g__Pyramidobacter	k__Bacteria|p__Verrucomicrobia|c__Verrucomicrobiae|o__Verrucomicrobiales|f__Akkermansiaceae|g__Akkermansia
SRR6000869	0.0	0.0	4.100000410000042e-06	0.0	0.014538401453840149	0.0	0.0	0.0	0.0	0.0	0.0	0.0	0.0	0.0	0.0	0.0	0.0010373001037300104	0.0	0.0001286000128600013	0.0	0.6468857646885766	0.0	0.0	0.0	0.0	0.0	0.0	2.3800002380000245e-05	0.034111203411120346	0.018666501866650188	1.1500001150000117e-05	0.0	0.0	0.0	0.0	0.0004817000481700049	0.0	0.0	0.0	3.0900003090000314e-05	0.0012688001268800128	0.0	0.0	0.0	0.0050965005096500525	9.7600009760001e-05	1.3200001320000135e-05	0.0	0.0	2.1500002150000217e-05	0.0014367001436700146	0.0	0.0031883003188300325	0.00017860001786000184	0.021316402131640218	0.011160501116050114	0.0008744000874400089	0.02377720237772024	0.0	0.0	0.012396501239650125	0.0011336001133600115	1.2000001200000122e-05	0.0	0.00297260029726003	0.031400103140010314	0.0	0.0	7.460000746000075e-05	0.0	0.011035101103510112	0.0002732000273200028	0.0	0.0	0.0	0.0	0.00042890004289000434	1.2800001280000131e-05	0.0	0.0018888001888800192	0.0	8.240000824000084e-05	0.000496500049650005	0.046975404697540475	0.002778200277820028	0.0	1.0600001060000107e-05	0.0	0.018012001801200182	0.052642705264270534	0.0010984001098400112	0.0	0.00018060001806000184	0.0	1.2100001210000122e-05	0.00017550001755000177	0.006246800624680064	0.0	0.0	0.0	0.0	4.87000048700005e-05	0.0	0.0	0.002285700228570023	0.0	0.0	0.0	0.0	0.0	0.0017218001721800175	0.0	8.840000884000091e-05	0.0	0.0	0.0	0.0	0.0	0.0	0.0	0.0	0.006989700698970071	0.0	0.0002202000220200022	0.0	0.0009990000999000102	0.0	0.0	0.0	0.0	0.0	0.0	0.0	4.5700004570000465e-05	0.0	0.0	0.0	0.0	0.0	0.0	6.83000068300007e-05	0.0	0.01281350128135013	0.0	0.0	3.0100003010000306e-05
SRR6000870	0.0	0.0	0.0	0.0	0.005015500501550051	0.0	0.0	0.0	0.0	0.0	0.0	0.0	0.009829800982980098	0.0	0.00023130002313000232	0.00031010003101000316	1.5300001530000155e-05	0.0	1.400000140000014e-05	0.00013340001334000135	0.45989104598910463	0.013388301338830134	0.0005369000536900053	0.007240100724010073	0.010715101071510106	0.0	0.0	0.0	0.0896720089672009	0.025639702563970256	0.0	0.0	0.0	0.0	0.0023878002387800242	0.0031684003168400317	0.0	0.0	0.0	0.0	0.0018532001853200188	0.0	0.0	0.0	0.008535300853530084	0.0	0.0	0.0	0.0	0.0	0.005294700529470053	0.0011482001148200116	0.0	0.0	0.06599920659992066	0.0005885000588500059	9.600000960000096e-06	0.004052600405260041	0.0	0.001373300137330014	0.013356201335620134	0.0001786000178600018	0.0	0.004571600457160046	0.0004401000440100044	0.00890460089046009	0.01807880180788018	0.0	0.0	0.0	0.0402762040276204	0.0	0.0	0.011622101162210116	0.0	0.0	0.003811500381150038	0.0	0.0	0.0005850000585000059	0.0	0.0	2.790000279000028e-05	0.05676020567602056	0.000198900019890002	0.0005191000519100053	0.0	0.0	0.03875390387539039	0.0001868000186800019	0.0013713001371300137	0.00013820001382000138	0.0001223000122300012	0.0	0.0	5.160000516000052e-05	0.00026150002615000264	8.210000821000082e-05	0.00021000002100000212	0.0002196000219600022	0.0	6.550000655000066e-05	0.0	0.0	0.0040904004090400415	0.010597701059770107	0.00011100001110000111	0.0	0.0	0.0	0.003119100311910031	0.0	0.00396780039678004	0.0	0.0	0.0	0.0	0.0005177000517700052	0.0	0.00023120002312000231	0.0001802000180200018	0.0001700000170000017	0.0	0.0	0.0	0.00040220004022000405	0.0	0.0	5.400000540000055e-05	0.0008452000845200084	0.0	3.160000316000032e-05	0.0	0.05447950544795054	0.002916700291670029	0.0	0.0	0.0	0.0	0.0	0.0003278000327800033	0.0	9.770000977000099e-05	0.0	0.0	2.3200002320000232e-05
SRR6000871	0.0	0.0	0.0	0.0	0.0	0.0	0.0	0.0	0.0	0.0	0.0	0.0	0.0	0.0	0.0	0.0	0.0	0.0	0.0	0.0	0.8978830000000001	0.0	0.0070132	0.0	0.0	0.0	0.0206963	0.0	0.000155	0.0266833	0.0	0.0	0.0	0.0	0.0	0.0	0.0	0.0	0.0	0.0	0.0005082	0.0	0.0	0.0	0.0003567	0.0	0.0	0.0	0.0	0.0	0.0	0.0012063	0.0	0.0	0.01259	0.0	0.0	0.005565100000000001	0.0	0.0	0.0	0.0	0.0	0.0	0.0061075	0.0	0.0	0.0	0.0	0.0	1.3000000000000003e-06	0.0	0.0	0.0	0.0	0.0	0.0	0.0	0.0	0.0018589	0.0	0.0	0.0	0.0109184	0.0008368	3.67e-05	0.0	0.0	0.0	0.0	0.0008893999999999999	0.0	0.0	0.0	0.0	0.00019430000000000003	0.000517	0.0	0.0	0.0	0.0	0.0	0.0	0.0	0.0	0.0	0.0005142	0.0	0.0	0.0	0.0	0.0	9.99e-05	0.0	0.0	0.0	0.0	0.0	0.0	0.0	0.0	0.0	0.0	0.005368500000000001	0.0	0.0	0.0	0.0	0.0	0.0	0.0	0.0	0.0	0.0	0.0	0.0	0.0	0.0	0.0	0.0	0.0	0.0	0.0	0.0	0.0	0.0
SRR6000873	0.0	0.0	0.00027380000000000004	0.00010879999999999999	0.0097765	0.0	0.0	0.0	0.0	0.0	0.0	0.0	0.0257688	0.0	0.0011147	0.0009774	0.0008322000000000001	8.7e-06	0.0004276	0.0	0.36003979999999997	0.0	0.0	0.0079392	0.0074169	0.0	0.0	0.0	0.39121690000000003	0.0200877	0.0	0.0	0.0	0.0	0.0	4.32e-05	4.1700000000000004e-05	0.00011549999999999999	2.86e-05	0.0	0.0188038	0.0	4.2999999999999995e-06	0.0	0.0039411	0.0	0.0	0.0	0.0	0.0	0.0001785	0.0011565	0.0013162000000000002	6.91e-05	0.022188799999999998	0.0	0.0	0.0169958	0.0	0.0007997999999999999	0.0057997	0.0041445	0.0	0.0024174	0.0008217999999999999	0.0	0.0015638	0.0	0.0	0.0	0.014565	5.42e-05	0.0	0.001999	0.0	0.0	0.0038258999999999997	0.0	0.0	9.85e-05	0.0	0.0	0.0008202000000000001	0.0075235	0.0014435000000000001	0.00015800000000000002	0.0	0.0	0.0013086	0.012314399999999998	0.0004783	0.0	0.0143904	0.0	0.0006337000000000001	0.0	0.0018427	0.0	0.0	0.0	0.0	0.0007812000000000001	0.0	0.0	0.0106338	0.0	0.001923	0.0	0.0	0.0	0.0	0.0	0.0001364	0.0	0.0	0.0	0.0	0.0	0.0	0.0	0.0002607	0.0002917	9.699999999999999e-06	0.0	0.0	0.0001875	0.0	0.0	0.0	0.0	0.0	0.0	0.0	0.0008631	0.0	0.0	0.0	0.0	0.0001551	0.0	0.0	0.0	0.0	0.0013538	0.0	0.015529
SRR6000874	0.0	0.0	0.0	3.1e-06	0.008829700000000001	0.0	0.0	0.0	0.0	0.0	0.0	0.0	0.0	0.0	0.0014047999999999999	0.0038959	0.0036052000000000002	3.21e-05	0.0005628	0.0	0.5846569	0.0	0.0	0.0	0.0	0.0	0.0	0.0	0.007936	0.0542	0.0	0.0	0.0	0.0	0.0	6.1000000000000005e-05	0.0	0.0	0.0	0.0	0.0003773	0.0	0.0	0.0	0.000346	3.52e-05	0.0	0.0	0.0	0.0	0.0	0.0005645	0.0008852	0.0	0.015521	0.010147	0.0002547	0.0157108	0.0	0.0021390999999999997	0.0213424	2.8e-06	0.0	0.0156756	0.00010899999999999999	0.018029299999999998	0.0604674	0.0	0.0	0.0	0.08000689999999999	0.0	0.0	0.0	0.0	0.0	0.0	0.0	0.0	0.0029241000000000002	0.0	5e-06	4.6899999999999995e-05	0.035339800000000005	0.0005729	0.0007478999999999999	0.0	0.0	1.43e-05	0.005192	0.00017020000000000002	0.0	0.0	0.0	0.0004401	0.0	0.00024260000000000002	0.0	0.0	0.0	0.0	4.160000000000001e-05	2.8399999999999996e-05	0.0	0.0002513	0.0	0.0005934	0.0	0.0	0.0	0.0	0.0	0.0	0.0	0.0	0.0	0.0	0.0	0.0	0.0	0.0	0.005807100000000001	0.0	0.0004001	0.0	0.0	0.0	0.0	0.0	0.0	0.0	0.0	0.0	0.0398981	0.0	0.0	0.0	0.0	0.0	0.0	0.0	0.0	0.0004825	0.0	0.0	0.0
SRR6000877	0.0	0.0	0.0	0.0	0.0	0.0	0.0	0.0	0.0	0.0	0.0	0.0	5.799999420000058e-06	0.0	0.0	0.0	0.0	0.0	0.0017382998261700172	0.0	0.5026629497337051	0.0	0.0	0.0031996996800300317	0.0	0.0	0.0	0.0	0.03389019661098034	0.2078601792139821	0.0	0.0	0.0	0.0	0.0	0.0	0.0	0.0	0.0	0.0	0.0003532999646700035	0.0	0.0	0.0	0.010724298927570108	0.0014254998574500144	2.499999750000025e-06	0.0	0.0	0.0	0.0006508999349100064	9.899999010000099e-06	0.0	0.00012789998721000128	0.0	0.0	0.0	0.039834596016540394	0.0	0.0007803999219600078	0.00012809998719000128	0.017710998228900175	0.0	0.0	0.016878298312170168	0.0	0.0	0.0	0.0019517998048200194	0.0	0.0	0.0	0.0	0.0	0.0	0.037677996232200375	0.0	0.0	0.0	0.0	0.0	0.00792379920762008	0.0028900997109900287	0.0	0.015330498466950154	0.0	0.0003122999687700031	0.0	0.0009255999074400092	0.0	0.001912099808790019	0.0	0.0	0.0	0.0	0.00033529996647000337	0.025647497435250258	0.0	0.0	0.0	0.0	0.0	0.0	0.0	0.0	0.0	0.0017441998255800172	0.0	0.0	0.0	0.0	0.0	0.0	0.0	0.0	0.0	0.0	0.0	0.0	0.0	0.00022199997780000222	0.0014507998549200144	0.0	0.0006264999373500062	0.0	0.0	3.6399996360000366e-05	0.0	0.0	0.0	0.0	0.0	0.0	7.489999251000076e-05	2.2499997750000224e-05	0.0	0.0	0.0	0.0	0.0	0.0	0.0	0.024807397519260248	0.0	0.0	0.03812449618755038
SRR6000878	0.0	0.0	2.2300000000000007e-05	0.0	0.021694	0.0	0.0	0.0	0.0	0.0	0.0	0.0	0.0016053000000000003	0.0	0.0005326	0.0004055000000000001	2.0200000000000003e-05	0.0	0.0	0.0017697000000000004	0.5026206000000001	0.0	0.0	0.0	0.0	0.0	0.0	0.0	0.2301776	0.045584700000000006	1.8600000000000005e-05	0.0	0.0	0.0	0.0	5.6500000000000005e-05	0.0	0.0	0.0	0.0	0.0042919	3.910000000000001e-05	0.0	0.0	0.0025834000000000005	6.200000000000001e-06	0.0	0.0	0.0	6.690000000000001e-05	0.0	0.0	0.0	0.0	0.03915430000000001	0.009977100000000001	0.0	0.0024217	0.0	0.004119200000000001	0.0	0.0	0.0	0.0	0.0015795000000000004	0.0	0.0	0.0	0.0	0.0	0.0356907	0.0	0.0	1.7e-06	0.0	0.0	0.0010111000000000002	0.0	0.0	0.0010867000000000001	0.0	0.00027460000000000006	0.0	0.011839200000000003	0.004811300000000001	3.950000000000001e-05	0.0	0.0	0.0	0.00012930000000000003	3.7900000000000006e-05	0.0	0.0	0.0	0.0	0.0	0.0022948000000000005	0.0	0.0	0.0	0.000141	0.0	0.0	0.0	0.0	0.05162100000000001	0.0	0.0	0.0	0.0007356000000000001	0.0038551	0.0	0.0	0.0	0.0	9.680000000000001e-05	1.7e-06	0.0	0.0	0.0	0.0	0.0	0.0	0.0	0.0	0.0018782000000000004	0.0	0.0	0.0	0.0	0.0	0.0	0.005112100000000001	0.004829100000000001	0.0014956000000000001	0.0	0.0	0.0	0.0	0.0	3.3900000000000004e-05	0.0	0.0	0.0	0.0	0.004236200000000001
SRR6000890	1.5199995440001368e-05	0.0	0.0	0.0	0.004604998618500415	0.0	0.0	0.0	0.0	0.0	0.0	0.0	0.0027439991768002468	0.0	0.0011295996611201016	0.0005610998316700506	0.0007072997878100637	0.0	0.00044819986554004034	0.0	0.6344096096771171	0.0	0.0	0.0	0.02153139354058194	0.0	0.0	0.0	0.021671393498581954	0.10537996838600949	3.759998872000339e-05	0.0	0.0	0.0	0.0	0.0	0.0	0.0	0.0	0.0	0.003484398954680314	0.0	0.0	0.0	0.0033929989821003055	0.0	0.0	0.0	0.0	0.0	0.005308998407300479	0.00015199995440001368	0.013550495934851222	0.0	0.025270392418882275	0.0008840997347700796	0.0018919994324001705	0.006207898137630559	0.0	0.0	0.004018798794360362	2.2799993160002053e-05	0.0	0.008572197428340773	0.0038951988314403505	0.005314098405770479	0.0	0.0	0.0	0.0	0.03866878839936348	2.869999139000258e-05	0.0	0.011691796492461052	0.0	0.0	4.54999863500041e-05	0.0	0.0	0.0	0.0	0.0	0.0004805998558200433	0.027132891860132444	0.0028040991587702526	0.0	0.0	0.0	0.00034149989755003076	0.033792889862133045	0.0011619996514001046	0.0	0.0	0.0	0.0	0.0	0.00012829996151001157	0.0	0.0	0.0	0.0	0.0	0.0	0.0	0.00011219996634001011	0.0	0.0016011995196401443	0.0	0.0	0.0	0.0	0.0	0.0004497998650600405	0.0	0.0	0.0	0.0	0.0	0.0	0.0	0.0	0.0	0.0	0.0	0.0	0.0009142997257100823	0.0	0.0	3.4299989710003084e-05	0.0	0.0	0.0007742997677100697	0.0	0.0044481986655404	0.0	0.0	0.0	0.0	0.0	0.0	0.00018189994543001638	0.0	0.0	0.0	0.0	0.0
SRR6000891	0.0	0.0	0.0	0.0	0.0	0.0	0.0	0.0	0.0	0.0	0.0	0.0	0.0	0.0	0.00038040000000000003	0.00037510000000000006	1.3800000000000003e-05	0.0	1.7300000000000004e-05	0.0	0.6940935000000001	0.005158300000000001	0.0087813	0.0010365000000000003	0.0101626	0.0	0.024770900000000002	0.0	0.05662080000000001	0.0721587	0.0	0.0	0.0	0.0	0.0	0.0	0.0	0.0	0.0	0.0	0.0039911	0.0	1.1800000000000002e-05	0.0	0.0032428000000000005	0.0001173	0.0	0.0	0.0	0.0	0.0	0.0005076000000000001	0.0	0.0	0.0019892000000000004	0.0	0.0	0.0030348000000000007	0.0	0.000697	0.00041450000000000005	0.00035470000000000006	0.0	2.6100000000000008e-05	0.004176100000000001	0.0	0.0	0.0	0.0	0.0	0.0	0.0035090000000000004	0.0	7.870000000000002e-05	0.0	0.0	0.0015149000000000004	0.0	0.0	0.0	0.0	0.0	0.0	0.034838900000000006	0.0195051	0.0	0.0	0.0	0.021961200000000004	0.012107000000000003	0.0007986000000000001	0.0	0.0	0.0	0.0	4.400000000000001e-06	0.0011841	0.0	0.0	0.0	0.0	0.0	0.00019700000000000002	0.0	0.0004494000000000001	0.0	0.0	0.0	0.0	0.0	0.0	0.0	0.0	0.0	0.0	0.0	0.0	0.0	0.0	0.0	0.0	0.0005556000000000002	0.0	0.0003500000000000001	0.0	0.0013355000000000003	0.0	0.0	0.0	0.0	0.0	0.0	0.0	0.0	0.0	0.0	0.0	0.0	0.0	0.0	0.0	0.0	0.009043100000000002	0.0	0.0	0.00043530000000000006
SRR6000892	0.005893999410600059	0.0	1.899999810000019e-05	0.0	0.0	0.0	0.0	0.0	2.7799997220000277e-05	0.0	0.0	0.0	0.010944498905550108	0.0	0.0012352998764700123	0.000595999940400006	0.0016765998323400168	9.599999040000094e-06	0.00031049996895000313	0.0	0.20733397926660208	0.03904959609504039	0.0	0.0004201999579800042	0.005296699470330053	0.0	0.0	0.0	0.14748148525185148	0.05424929457507055	2.4699997530000247e-05	0.0	0.0	0.0	0.0	0.0	0.0	0.0	0.0	0.0	0.002054799794520021	5.6099994390000564e-05	5.579999442000055e-05	0.0	0.001704699829530017	3.6999996300000367e-06	0.0	0.0	0.0	0.0	0.005389699461030053	0.005695099430490057	0.003403299659670034	0.0	0.018445198155480184	0.029702697029730298	0.0	0.012706798729320127	0.0	0.0	0.01782519821748018	0.0005900999409900059	0.0	0.0040368995963100405	0.0006611999338800065	0.0	0.01714499828550017	9.9999990000001e-07	0.0	0.0	0.0028744997125500285	0.00019549998045000197	0.0	3.99999960000004e-05	0.0	0.0	0.0	0.0	0.0	0.0	0.0	0.0006456999354300065	0.00028809997119000287	0.002735099726490027	0.00042509995749000424	0.0	0.00032789996721000326	0.00014709998529000145	0.004055999594400041	0.08041419195858081	0.010733498926650107	5.6099994390000564e-05	0.015692998430700156	0.0	0.0	4.2599995740000426e-05	0.00198549980145002	0.0	0.0	0.0	0.0	0.00042319995768000417	0.0	0.0	0.007735799226420078	0.0	0.0	0.0	0.0	0.0	0.0010700998929900106	0.0	0.0	0.0	0.0	0.0	0.0	0.0	0.0	0.0	0.0	0.00019439998056000192	0.0	0.0	0.0	0.00032519996748000326	0.0	0.0	0.0	0.0	0.0	0.0	0.0	0.0009385999061400093	0.0	0.0	0.0	0.0	0.0	0.0	0.0	0.0	0.0	0.0	0.0	0.2746062725393727
SRR6000893	0.0	0.0	0.0001197	0.0	0.0	0.0	0.0	0.0	4.28e-05	0.0	0.0	0.0	0.0031154	0.0	0.0002298	0.00020069999999999997	0.0	0.0	0.0	0.0010639999999999998	0.34462550000000003	0.044721800000000006	0.0	0.0	0.0159793	0.0	0.005527600000000001	0.0	0.069502	0.0426464	2.5600000000000002e-05	0.0	0.0	0.0	0.0	0.00046960000000000003	0.0	0.0	0.0	0.0	0.037956300000000005	0.0	0.0	0.0	0.024401900000000004	0.0	0.0	0.0	0.0	0.0	0.0	0.0004709	0.0	0.0	0.0583641	0.022372099999999995	0.0	0.003064	0.018535299999999998	0.0066801	0.004794	0.0	0.0	0.0041416000000000005	0.0	0.0026294	0.0017759	0.0	0.0	0.0	0.0286481	0.0	0.0	0.0112383	0.0	0.0	0.0	4.49e-05	0.0	0.0025131	0.0	0.0	0.0117431	0.0645529	0.0001454	0.0015747	5.58e-05	0.0	0.059948100000000004	0.0304458	0.0002495	0.0	0.0	0.0	0.0	0.0	0.0	0.0	0.0	0.0	0.0	0.0	0.0	0.0	0.0063043000000000005	0.0	0.0010627	0.0	0.0001955	0.0	0.0	0.0	0.0016634000000000002	0.0	0.0	0.0	0.0	0.0	0.0	0.0	0.0011869	0.0030379	0.0	0.0007829	0.0	5.0799999999999995e-05	0.0	0.0	0.0	0.0	0.0	0.0	0.0	0.028304299999999998	0.0	0.0	0.0	0.0	0.0	0.0	0.003940099999999999	0.0	0.0001069	0.0002525	0.0	0.0284963
SRR6000894	0.0	0.00010520003156000946	0.0043394013018203895	0.0004354001306200391	0.0007091002127300638	0.0	0.0007084002125200637	0.00025850007755002326	0.0016159004847701454	2.00000060000018e-05	0.0004472001341600402	0.0	0.007456302236890671	0.0	0.00100190030057009	0.0012591003777301132	0.002283100684930205	1.7600005280001585e-05	0.0006262001878600564	0.0	0.4650839395251818	0.0	0.0	0.003722601116780335	0.016325804897741467	0.0	0.0	0.0	0.16702985010895502	0.04305891291767387	0.0011754003526201057	4.630001389000416e-05	0.0	0.0	8.770002631000789e-05	0.0	0.0	0.0	0.0	7.45000223500067e-05	0.04928561478568443	0.0	0.0	0.0	0.008998902699670809	1.2700003810001141e-05	0.0	0.0	0.001079100323730097	0.0	8.380002514000754e-05	0.0003705001111500333	0.0	0.0	0.005009501502850451	0.00027340008202002454	0.0	0.0023248006974402094	0.0	0.004600201380060414	0.016780405034121513	0.0006180001854000556	0.0	0.003345401003620301	0.0010353003105900932	4.050001215000364e-05	0.007637602291280687	0.0	0.0	0.00012850003855001155	0.031083209324962797	0.0	3.23000096900029e-05	0.020181406054421817	0.0	0.0	0.0	0.0	0.0	0.0	0.0	7.900002370000711e-05	0.0011703003510901053	0.018950705685211705	0.0026703008010902406	0.0	0.0	0.0	0.004442701332810399	0.0	0.0020071006021301807	0.00016950005085001525	0.0	0.0	0.0	0.0	0.0035867010760103225	0.0	0.0	0.0	0.0	0.00036170010851003257	0.0	0.0	0.000345300103590031	0.0	0.007119802135940641	0.0	0.0	0.0	0.00018850005655001695	0.0	0.003399901019970306	0.0	0.0	0.0	0.0	0.00037660011298003385	0.0	0.0	0.0	0.0	0.0	0.0	0.0	0.0020914006274201885	0.0	0.0	2.6000007800002338e-05	0.0	1.1700003510001053e-05	0.0	0.0	0.06979142093742627	0.0	0.0	0.0	0.0	0.0	0.0	0.0005658001697400509	0.0	0.0	0.0	0.0	0.011836103550831065
SRR6000895	0.0	0.0	0.0	0.0	0.0009886999011300098	0.0	0.0	0.0	0.0	0.0	0.0	0.0	0.010360098963990105	0.0	0.0001406999859300014	0.0001221999877800012	0.00010959998904000108	0.0	5.149999485000051e-05	0.0	0.5860029413997058	0.017395898260410176	0.022646597735340224	0.005421399457860053	0.01198979880102012	7.689999231000077e-05	0.0	0.0	0.01815649818435018	0.12839628716037127	0.0	0.0	0.0	0.0	0.0	0.00026729997327000265	0.0	0.0	0.0	0.0	1.9499998050000193e-05	0.0	0.0	0.0	0.004405799559420044	8.799999120000089e-06	0.0	0.0	0.0	0.0	1.2999998700000129e-05	4.7099995290000465e-05	0.0	0.0	0.027615697238430274	0.010676698932330107	7.819999218000078e-05	0.012812398718760127	0.0	0.01393349860665014	0.00910979908902009	9.9999990000001e-07	0.0	0.004219199578080042	0.0018901998109800188	0.015544798445520154	1.839999816000018e-05	0.0	0.0	0.0	0.01108999889100011	0.00011709998829000117	0.0	0.0033641996635800334	0.0	0.0	0.0009226999077300092	1.4399998560000145e-05	0.0	0.0015539998446000155	0.0	0.0	0.0	0.018399798160020183	0.00018879998112000188	5.789999421000058e-05	0.0	0.0	0.0007906999209300079	0.005434399456560053	0.0011027998897200108	0.0	0.0	0.0	0.0	2.4599997540000245e-05	0.004646099535390046	0.0	0.0	0.0	0.0	0.0004267999573200043	0.0	0.0	0.0007348999265100073	0.0	0.02617199738280026	0.0	0.0	0.0	0.0012864998713500127	0.0	0.0004903999509600048	0.0	0.0	0.0	0.0	0.0004460999553900045	0.0	0.0	0.0	0.005465899453410053	1.519999848000015e-05	0.00011299998870000112	0.00019189998081000194	0.0006579999342000066	0.0	0.0	3.2099996790000325e-05	0.0	0.0	3.8199996180000386e-05	0.0	0.01205179879482012	0.0006436999356300065	0.0	0.0	0.0	0.0	0.0	0.0003480999651900035	0.0	0.0006550999344900066	0.0	0.0	2.2999997700000227e-06
SRR6000896	0.0	0.0	0.0	0.0	0.0011149	0.0	0.0	0.0	0.0	0.0	0.0	0.0	0.0009226000000000001	0.0	6.799999999999999e-06	4.41e-05	2.3999999999999997e-05	0.0	0.0	0.0	0.7488698	0.0	0.0206867	0.0101538	0.0	0.0	0.0	0.0	0.0368606	0.0692513	0.0	0.0	0.0	0.0	0.0	0.0	0.0	0.0	0.0	0.0	0.0001113	0.0	0.0	0.0	0.0012227	0.0	0.0	0.0	0.0	0.0	2.7499999999999998e-05	0.006428199999999999	0.0	0.0	0.0019234999999999999	3.7600000000000006e-05	0.0021146999999999997	0.0010724000000000003	0.0	0.0	0.00029019999999999995	0.0005996	0.0	0.0	0.00018619999999999997	0.0	0.0	0.0	0.0	0.0	0.006171399999999999	0.0001633	0.0	0.0	0.0	0.0	0.0	0.0	0.0	0.0	0.0	0.0	0.00040649999999999996	0.0095184	0.0175226	0.0	0.0	0.0	0.0002133	0.0	0.0011972999999999999	0.0	0.000129	0.0	0.0	2.8e-06	0.0009325	0.0	0.0	0.0	0.0001515	0.0	0.0	0.0	8.64e-05	0.034633300000000006	0.009093799999999999	0.0	0.0	0.0	0.0	0.0	0.0	0.0	0.0	0.0	0.0	0.0	0.0	0.0	0.0	0.0161333	0.0	0.0005295	0.0	0.0	0.0	0.0	0.0	0.0	0.0	0.0	0.0	0.0	0.0	0.0	0.0	0.0	0.0	0.0	0.0	0.0	0.0011619000000000002	0.0	0.0	4.700000000000001e-06
SRR6000899	0.0	0.0	1.7499994750001578e-05	0.0	0.0007578997726300684	0.0	0.0	0.0	0.0	0.0	0.0	0.0	0.001307799607660118	0.00010049996985000906	0.00034799989560003135	0.0004661998601400421	0.0016865994940201523	4.7999985600004325e-06	0.0006636998008900598	0.0	0.5349203395238983	0.0	0.003495198951440315	0.0	0.0015163995450801367	0.0	0.013130096060971184	2.8999991300002613e-05	0.06450528064841582	0.03787858863642341	7.399997780000667e-05	0.0	0.0	0.0	0.0	0.0002414999275500218	0.0	0.0	0.0	0.0002051999384400185	0.0015734995279501418	0.0	0.0	0.0	0.005833598249920526	4.929998521000444e-05	0.0	0.0	0.0	0.0	0.0	0.0002129999361000192	0.015330395400881382	0.0	0.0020647993805601866	0.032084190374742895	0.0	0.04711808586457425	0.0	0.030281490915552732	0.03945818816254356	0.00043309987007003907	0.0	0.0	0.00023889992833002157	0.0006960997911700629	0.004053198784040365	0.0	0.0	0.0	0.005745498276350518	6.589998023000594e-05	0.0	0.0	0.0	0.0	0.0	2.159999352000195e-05	0.0	0.0	0.0	0.0	0.0006457998062600582	0.005624098312770508	0.01941829417451175	0.0	0.0	0.0	0.00012449996265001122	0.036391289082613285	0.01595879521236144	0.0014279995716001289	0.0	0.0	0.00015329995401001383	5.189998443000468e-05	0.0033604989918503032	0.0	0.0	0.0	0.0	6.859997942000618e-05	0.0	0.0	0.012361796291461113	0.0	0.0	0.0	0.0	0.0	0.0	0.0	0.009363597190920845	0.0	0.0	0.0	0.0	0.0	0.0	0.0	0.0	0.0	4.599998620000415e-06	0.0	0.0	0.0013356995992901204	0.0	0.0	0.0	0.0	0.0	0.0	0.0	0.0007857997642600708	0.0	0.0	0.0	0.0	0.0	0.0	0.0	0.0	0.0	0.0	0.0	0.04631398610580418
SRR6000900	0.0	0.0	0.00018000001800000184	0.0	0.013666101366610138	0.0	0.0	0.0	0.0	0.0	0.0	0.0	0.0	0.0	0.0	0.0	0.0029860002986000296	0.0	0.000492200049220005	0.0	0.48435824843582487	0.0	0.0	0.0	0.0	0.0	0.0	0.0	0.0	0.10216991021699101	0.0	0.0	6.90000069000007e-06	0.0	0.0007706000770600078	4.380000438000043e-05	0.0	0.0	0.0	0.0	0.0013363001336300134	0.0	0.0	0.0	0.00016580001658000169	0.0018813001881300188	0.00026670002667000266	0.0	0.0	2.600000260000026e-05	0.0	0.0	0.0	0.0	0.0	0.0020449002044900205	0.0	0.1872351187235119	0.0	0.0	0.01625030162503016	0.00202260020226002	0.0	0.0	0.0394209039420904	0.0	0.0	0.0	0.0	0.0	0.0	0.00605670060567006	0.00016530001653000166	0.0	0.0	4.820000482000049e-05	0.0015334001533400155	0.0	0.0	0.0	0.0	0.0	0.0009492000949200095	0.0	0.005284300528430054	0.0	0.0	0.0	0.0029395002939500295	0.0	0.06805200680520068	0.0	0.0	0.0	0.0	0.0	0.010932901093290108	0.0	0.0	0.0	0.0	0.0	0.0	0.0	0.0	0.0	0.0	0.0	0.0	0.0	0.0	0.0	0.0405142040514204	0.0	0.0	0.0	0.0	0.0	0.0	0.0	0.0	0.0	0.0	0.0	0.0	0.0	0.0	0.0	0.0018590001859000187	0.0	0.0	0.0	0.0	0.00499820049982005	0.0	0.0	0.0	0.0	0.0	0.0001085000108500011	0.0012349001234900124	0.0	0.0	0.0	0.0	0.0
SRR6000901	0.0	0.0	0.0	0.0	0.0454518	0.0	0.0	0.0	0.0	0.0	0.0	0.0	0.0341152	0.0	0.0	0.0	0.0008901	0.0	0.000329	0.0	0.5521948000000001	0.0	0.0	0.0	0.0	0.0	0.0	1.9399999999999997e-05	0.0	0.0745645	0.0	0.0	0.0	0.0	0.0001728	0.0	0.0001625	0.0	0.0	5.72e-05	0.0001645	0.0	0.0	0.0	0.0042834	9.309999999999999e-05	0.0	0.0	0.0	1.8999999999999998e-06	0.0	0.0	0.0010259000000000002	0.0	0.0095474	0.0035037	0.0025069000000000003	0.0295803	0.0	0.0	0.0083539	0.0005612999999999999	0.0	0.001824	0.0035852	0.0	0.0088124	0.0	0.0	0.0	0.001824	0.002345	0.0	0.0	0.0	0.0	0.0013238	0.0	0.0	0.0	0.0	2.5800000000000004e-05	0.00040599999999999995	0.004721	0.0058477	8.190000000000001e-05	0.0001403	0.0	0.0003178	0.0	0.0061227	0.0004468	9.88e-05	0.0	0.0	0.0	0.0007750999999999999	0.0	0.0	0.0	0.0	4.65e-05	0.000197	0.0	0.0001162	0.0	0.0	0.0	0.0	0.0	0.0006198999999999999	0.0	0.0	0.0	0.0	0.0	0.0	0.0	0.0	0.0	0.0	0.020708099999999997	0.0	0.000119	0.0	0.0029465000000000003	0.0	0.0	0.0	0.0	0.0	0.0	0.0	0.0348215	0.0	0.0	0.0	0.0	0.0	0.0	0.0	0.0	0.0013926	0.0	0.0	0.13275479999999998
SRR6000902	0.0	0.0	0.0	0.0	0.0	0.0	0.0	0.0	0.0	0.0	0.0	0.0	0.0	0.0	0.0010946998905300108	0.0017877998212200178	0.0005204999479500052	8.399999160000083e-06	8.469999153000084e-05	0.0	0.6233954376604562	0.0	0.0	0.0	0.0	0.0	0.0	2.7999997200000277e-06	0.12296668770333122	0.099601190039881	0.0	0.0	0.0	0.0	0.0	0.0006879999312000069	0.0	0.0	0.0	4.459999554000045e-05	0.0020211997978800203	0.0	3.569999643000036e-05	0.0	0.0029766997023300294	0.00011539998846000114	0.0	0.0	0.0	0.0	0.0005289999471000054	0.0004814999518500048	0.0	0.0	0.02595159740484026	0.008401699159830085	0.0	0.01708549829145017	0.0	0.009190199080980092	0.00407589959241004	0.00016349998365000162	0.0	0.006921999307800069	0.00016659998334000162	0.0016224998377500162	0.0005154999484500052	0.0	0.0	0.0	0.00300909969909003	0.0	0.0	0.00707099929290007	0.0	0.0	0.0	0.0	0.0	0.0030594996940500304	0.0	2.8899997110000286e-05	0.003411399658860034	0.018540898145910187	0.002880899711910029	0.00017079998292000173	3.4599996540000346e-05	0.0	0.0011718998828100116	0.009248399075160093	0.002344299765570024	0.0	0.0	0.0	0.0	9.039999096000092e-05	6.589999341000066e-05	0.0	0.0	0.0	0.0	0.00014349998565000143	0.0	0.0	0.006104999389500061	0.0	0.012174198782580123	0.0	0.0	0.0	0.0	0.0	0.0	0.0	0.0	0.0	0.0	0.0	0.0	0.0	0.0	0.0	0.0	0.0	0.0	0.0	0.0	0.0	0.0	0.0	0.0	0.0	0.0	0.0	0.0	0.0	0.0	0.0	0.0	0.0	0.0	0.0	0.0	0.0	0.0	0.0
SRR6000903	0.0	0.0	0.0034204996579500343	0.0	0.23803467619653237	4.4999995500000444e-06	0.00037769996223000374	0.0	9.909999009000097e-05	0.00019139998086000192	0.0001200999879900012	0.0	0.16008228399177157	9.599999040000094e-06	0.0	0.0	0.004517099548290045	0.0	0.0021665997833400217	0.0	0.15257338474266152	0.0	0.0038607996139200388	0.0	0.0	0.00010689998931000106	0.0	0.001407299859270014	0.0076134992386500755	0.014739598526040147	0.00019439998056000192	0.0	0.0	0.0	0.0044238995576100434	0.0067115993288400675	0.0003601999639800036	0.0	0.0	0.0	0.021080497891950208	0.0	0.0	0.0	0.0	0.0	0.0	0.0	0.0	0.0	0.0	4.96999950300005e-05	0.0	0.0	0.006786699321330068	0.00016519998348000164	0.0	0.10672528932747107	0.0	0.0028050997194900276	0.012245698775430124	0.0	0.0	0.03309239669076033	0.0008385999161400084	1.1299998870000115e-05	0.09820939017906098	0.0	0.0	0.0	0.0018429998157000183	0.0031001996899800307	0.005870899412910058	0.0	0.0	0.0	0.0024161997583800237	6.88999931100007e-05	0.0	0.0009819999018000098	0.0	0.0	0.0	0.0	0.0023534997646500236	0.00015949998405000157	0.0	0.0	0.00013619998638000135	0.0	0.003213199678680032	0.0	0.0	0.0	0.0	0.0	0.022497597750240222	0.0	0.0	0.0	0.0	6.349999365000063e-05	0.00019809998019000195	0.0	0.0	0.0	0.001218199878180012	0.0	0.0	0.0	3.509999649000035e-05	0.030543196945680307	5.1899994810000516e-05	0.0003839999616000038	0.000901499909850009	0.0	0.00048629995137000484	0.0	0.0	0.0	0.0	0.0	0.0	0.0	0.0	0.0	0.0	0.0	0.0	0.0	0.0	3.089999691000031e-05	0.0	0.0404210959578904	0.0	0.0	0.0	0.0	0.0	0.0	0.0	0.0	0.0	0.0	0.0	0.0
SRR6000905	0.0	0.0	0.0	0.0	0.03120899687910031	0.0	0.0	0.0	0.0	0.0	0.0	0.0	0.010556898944310106	0.0	0.00021329997867000215	0.00019719998028000195	0.0007170999282900072	2.5999997400000263e-06	0.0009211999078800093	0.0	0.28960687103931293	0.0	0.0	0.0	0.01821809817819018	0.0	0.0	0.013893598610640137	0.09183549081645091	0.09851059014894098	1.1999998800000118e-05	0.0	0.0	0.0	0.0	0.00027629997237000275	0.0	0.0	0.0	0.0	0.0002775999722400028	0.0	0.0	0.0	0.0012953998704600131	3.03999969600003e-05	0.0	0.0	0.0	2.9999997000000295e-06	0.0009329999067000092	0.009826799017320097	0.0038488996151100387	0.0	0.025430497456950255	0.028180097181990278	0.0006690999330900067	0.06883339311666069	0.0	0.01613739838626016	0.03450899654910034	4.2299995770000415e-05	0.0	0.005567899443210056	0.0002862999713700029	0.012632998736700127	0.05157569484243051	0.0	0.0	0.0	0.032075396792460326	0.0008398999160100084	0.0	0.0	0.0	0.0	0.0	2.739999726000027e-05	0.0	0.0010563998943600107	0.0	0.0	6.429999357000064e-05	0.019362198063780194	0.0019391998060800193	8.689999131000087e-05	3.689999631000036e-05	0.0	0.000496999950300005	0.0	0.0029115997088400287	0.00024509997549000245	0.0	0.0	4.0299995970000396e-05	0.0	0.0003513999648600035	0.0	0.0	0.0	0.0	0.00018479998152000183	0.0007296999270300073	0.0	0.006917499308250068	0.0	4.479999552000044e-05	0.0	0.0	0.0	0.0	0.0	0.0	0.0	0.0	0.0	0.0	0.0	0.0	0.0	0.0	0.011629998837000116	0.0	0.00026509997349000267	0.0	0.0016478998352100166	0.0	0.0	0.0	0.0	0.0	0.0	0.0	0.0012375998762400122	0.0	0.0	0.0	0.0	0.0	0.0	0.0	0.0	0.023520097647990235	0.0	0.0	0.07803849219615078
SRR6000906	0.0	0.0	0.0	0.0	0.004219400843880168	0.0	0.0	0.0	0.0	0.0	0.0	0.0	0.0003331000666200133	0.0	0.0006583001316600263	0.0002922000584400117	1.50000030000006e-05	0.0	0.00010050002010000401	0.0	0.19807793961558792	0.029068905813781163	0.0	0.0	0.004656100931220186	2.7700005540001105e-05	0.0	0.00014360002872000572	0.14172972834594566	0.0351599070319814	0.0	0.0	0.0	0.0	0.0003648000729600145	0.000276000055200011	0.0	0.0	0.0	1.4600002920000581e-05	0.0002333000466600093	0.0	0.0	0.0	0.008271801654360329	0.0	0.0	0.0	0.0	0.0	0.00018110003622000723	0.0015198003039600607	0.0	0.0	0.014441902888380575	0.006049401209880241	0.0	0.009640201928040385	0.0	0.02061010412202082	0.0033693006738601348	0.0	0.0	0.005820501164100232	5.7700011540002305e-05	0.006915101383020277	0.009888201977640395	0.0	0.0	0.0	0.014896802979360593	0.0	0.0	0.03209440641888128	0.0	0.0	6.390001278000256e-05	6.300001260000252e-06	0.0	0.0012637002527400507	0.0	2.0600004120000825e-05	0.0002399000479800096	0.06614281322856264	0.0004348000869600173	0.0029144005828801167	2.4600004920000983e-05	0.0	0.0007630001526000305	0.035709907141981426	0.00046540009308001856	0.0	0.0	0.0	0.0	0.0	0.00028130005626001125	0.0	0.0	0.0	0.0	3.8000007600001515e-05	0.0	0.0	0.30968886193777234	0.0	0.0022916004583200915	0.0	0.0	0.0	0.0	0.0	0.0	0.0	0.0	0.0	0.0	0.0	0.0	0.0	0.0	0.0014943002988600598	0.0	0.0002701000540200108	0.0	3.340000668000133e-05	0.0	0.0	0.0	0.0	0.0	0.0	0.0	0.0	0.0	0.0	0.0	0.0	0.0	0.0	0.0	0.0	0.0019153003830600765	0.0006098001219600243	0.0	0.026200605240121046
SRR6000907	0.006381298723740256	4.8799990240001954e-05	0.00013639997272000547	0.0	0.002604199479160104	0.0	7.519998496000303e-05	0.0	0.00011609997678000465	0.0	0.0	0.0	0.0002437999512400098	0.0	0.008336298332740334	0.021208395758320852	0.0007736998452600311	0.00014859997028000596	0.0003676999264600147	0.0	0.3126507374698525	0.030912593817481234	0.0	0.000299299940140012	0.0	0.0	0.0	0.0	0.04211199157760168	0.07611638477672304	3.969999206000159e-05	0.0	0.0	0.0	0.0	0.0032989993402001323	0.0	0.0	0.0	0.0011866997626600476	0.12139097572180485	0.0	0.00014239997152000572	0.0	0.029707794058441192	0.008400698319860338	0.0	9.099998180000365e-06	0.00017239996552000694	0.00027669994466001106	0.0	0.002113899577220085	0.008046598390680323	0.00041709991658001673	0.004289199142160171	0.012029697594060484	0.0011302997739400453	0.054160989167802175	0.0	0.0	0.005838998832200234	0.007568798486240303	0.0	0.00011389997722000457	0.056016288796742246	0.0013650997269800545	0.0	0.0	0.0	6.909998618000277e-05	0.0025600994879801026	0.003016999396600121	0.0	0.0	0.0	0.0	6.169998766000247e-05	0.0007847998430400314	0.0	0.0	0.0	0.0	0.0009811998037600393	0.039944492011101604	0.0037571992485601505	0.0	0.0021086995782600843	0.0	0.006126198774760245	0.0	0.03377729324454135	0.0	0.0	0.0	0.00876559824688035	2.6099994780001048e-05	0.00671729865654027	0.0	0.0	0.0	0.0	0.0008134998373000327	0.00043699991260001756	0.00010459997908000418	0.0038156992368601527	0.0	0.030712893857421233	0.0	0.0	0.0	0.0	0.0	0.0003381999323600135	0.0	0.0	0.0	0.0	0.0	0.0	0.0	0.0	0.00033539993292001344	0.0	8.99999820000036e-06	0.0	0.022968495406300922	0.00039149992170001564	0.0	0.0	0.0	0.0	0.0	0.0	0.002121199575760085	0.0	3.459999308000139e-05	0.0	0.0	0.0	0.0	0.0	0.0	0.0006635998672800266	0.0	0.0	0.008309698338060334
SRR6000908	0.00020099995980000804	0.0	0.0	0.0	0.0	0.0	0.0	0.0	2.0599995880000827e-05	0.0	0.0	0.0	0.0	0.0	0.0	0.0	0.00450469909906018	0.0	0.0005279998944000212	0.0	0.5663540867291826	0.02944909411018118	0.0	0.0	0.008067398386520323	0.0	0.0	0.0	0.017049796590040682	0.025104794979041004	0.0	0.0	0.0	0.0	0.0	0.0	0.0	0.0	0.0	0.0	0.001271799745640051	0.00010209997958000408	0.0	0.0	7.769998446000312e-05	0.00012149997570000486	0.0	0.0	0.0	0.0	0.002704099459180108	0.001292399741520052	0.0	0.0	0.053764289247142154	0.03125919374816125	5.1199989760002054e-05	0.02410969517806097	0.0	0.0	0.0033469993306001343	0.0010056997988600403	0.0	0.0	0.00475139904972019	0.043430091313981734	0.0	0.0	0.0	0.0	0.04708019058396188	2.169999566000087e-05	0.0	0.0	0.0	0.0	0.00017119996576000685	0.0	0.0	0.0	0.0006713998657200268	0.0	0.0	0.01298329740334052	0.0026077994784401044	0.0	0.0	0.0	0.0699418860116228	0.02374589525082095	0.0016109996778000645	0.0	0.0	0.0	0.0004405999118800177	0.001696499660700068	0.00198579960284008	4.799999040000192e-06	0.0	0.0	0.0	0.0	0.0006218998756200249	0.0	0.0050276989944602005	0.0	0.0	0.0	0.0	0.0	0.0008066998386600324	0.0	0.00010429997914000418	0.0	0.0	0.0	0.0	0.0	0.0	0.0	0.0	0.0	0.0	0.0	0.0	0.0	0.0	0.0	0.0	0.0	0.0	0.0	0.0	0.011464297707140457	0.0	0.0	0.0	0.0	0.0	0.0	0.00040559991888001627	3.9799992040001595e-05	0.0	0.0	0.0	0.0
SRR6000909	0.0034373000000000003	0.0	0.001456	0.0	0.0020749	0.0	0.0	0.0	0.0	0.0015957000000000002	4.6e-06	0.0	0.0320317	0.0	0.0007261	0.0006169999999999999	0.0101831	1.1099999999999999e-05	0.0029404	0.0	0.5284494	0.0	0.0	0.0	0.0035299000000000003	0.0	0.0	5.18e-05	0.005059	0.006533100000000001	0.00022859999999999997	0.0	0.0	0.0	0.0	0.0011795	0.0	0.0	0.0	0.0	0.0071411999999999995	0.0001246	8.029999999999999e-05	0.0	0.0004712	0.0	3.74e-05	1.16e-05	3.96e-05	0.0	0.0015313	0.0006975000000000001	0.0	0.00013069999999999998	0.09334110000000001	0.040371699999999996	0.0	0.014160200000000001	0.0	0.0155152	0.0371443	0.0018677	0.0	0.010474299999999999	0.0016167999999999998	0.0	0.0654016	0.0	0.0	0.0	0.0295679	0.0	2.6000000000000005e-06	0.0040487	0.0	0.0	0.0013044	0.0	0.0	0.0020185999999999997	0.0	0.0	0.00028089999999999994	0.007848899999999999	0.0021118	0.0025688	0.0001232	0.0	0.0019684000000000004	0.0224393	0.0229144	0.0	0.0	0.0	0.0	0.0005889	0.0002518	7.7e-06	0.0	0.0	0.0	0.0014845	0.0	0.0	0.004117	0.0	0.004751	0.0	0.0	0.0	0.0	0.0	0.0	0.0	0.0	0.0	0.0	0.0	0.0	0.0	0.0	0.0	0.0	0.0	0.0	0.0009647999999999999	0.0	0.0	0.0	0.0	0.0	0.0	0.0	0.0003469	0.0	0.0	0.0	0.0	0.0	0.0	0.0	0.0	0.0	0.0	0.0	2.2000000000000003e-05
SRR6000910	0.0	0.0	1.1000000000000001e-05	0.0	0.005733199999999999	0.0	0.0	0.0	0.0	0.0	0.0	0.0	0.0068267	0.0	0.0018065	0.0014694999999999999	0.0014620999999999998	1.84e-05	0.00040320000000000004	0.0	0.6934718000000001	0.0	0.0	0.0	0.0098666	0.0	0.0	0.0011777	0.005792500000000001	0.0375343	0.0	0.0	0.0	0.0	0.0	9.699999999999999e-06	0.0	0.0	0.0	9.11e-05	0.0093849	0.0	0.0	0.0	0.0025331	0.0	0.0	4.3899999999999996e-05	0.0	0.0	6.99e-05	5.3700000000000004e-05	0.0	0.0	0.0045798	0.012781	0.0	0.010144899999999998	0.0	0.0	0.012111	0.00021940000000000002	0.0	0.0097747	0.00034539999999999994	0.0	0.015781100000000003	0.0	0.0	0.0	0.0727372	8.659999999999999e-05	0.0	0.0	0.0	0.0	0.0006585	2.62e-05	0.0	0.0035107	0.0	0.0	2.86e-05	0.030105200000000002	0.0019950000000000002	6.16e-05	0.0	0.0	0.00023030000000000001	0.0277685	0.0003963	2.7000000000000002e-05	0.0001233	0.0	0.0	0.00021759999999999998	1.0400000000000002e-05	0.0	0.0	0.0	0.0	0.00018700000000000002	0.0	0.0	0.0006497	0.0	0.0	0.0	0.0	0.0	0.0010142999999999999	0.0	0.0001935	0.0	0.0	0.0	0.0	0.0	0.0	0.0	0.0	0.014012799999999999	0.0	6.0400000000000004e-05	0.0	0.0006686	0.0	0.0	0.0	0.0	0.0	0.0	0.0	8.400000000000001e-06	0.0	0.0	0.0	0.0	0.0	0.0	0.0006169	0.0	0.0011083	0.0	0.0	0.0
SRR6000911	0.0023630000000000005	0.0	0.0	0.0	0.0024927000000000005	0.0	0.0	0.0	0.0	0.0	0.0	0.0	0.0035741000000000006	0.0	7.16e-05	0.00019460000000000001	0.0002089	0.0	0.00012060000000000002	0.0	0.6976016	0.0	0.0030379000000000005	0.0	0.0136183	0.0	0.0	1.2600000000000003e-05	0.04546890000000001	0.0719844	0.0	0.0	0.0	0.0	0.0	0.0	0.0	0.0	0.0	0.0	0.00016830000000000003	0.0	0.0	0.0	0.0006177000000000001	0.0	0.0	0.0	0.0	6.470000000000001e-05	5.310000000000001e-05	0.00023870000000000003	1.3000000000000001e-05	0.0	0.0063446000000000015	0.00028920000000000004	0.0	0.007401200000000001	0.0	0.0006309	0.005538900000000001	9.100000000000001e-06	0.0	7.420000000000001e-05	0.0034062000000000003	0.00012720000000000003	0.005890500000000001	0.0	0.0	0.0	0.005042100000000002	0.0	0.0	0.0015633	0.0	0.0	0.0	0.0	0.0	0.00046160000000000005	0.0	2.8800000000000005e-05	2.04e-05	0.027914900000000003	0.00019310000000000003	0.0005485000000000002	0.0	0.0	0.0007502000000000001	0.019109000000000004	0.0007485000000000001	0.00016380000000000005	0.0	0.0	0.0	0.0	0.00022360000000000001	0.0	0.0	0.0	0.0	6.790000000000002e-05	0.0	0.0	0.0009357000000000001	0.0200291	0.005200100000000002	0.021088000000000003	0.0	0.0	0.0	0.0	4.38e-05	0.0	0.0	0.0	0.0	0.0	0.0	5.08e-05	9.26e-05	0.0004521000000000001	3.6500000000000006e-05	0.0	0.0	0.0013473	0.0	0.0	0.0	0.0	0.0	0.0	0.0	0.0	0.0	0.0	0.0	0.0	0.0	0.0	2.0600000000000006e-05	0.0	2.5900000000000003e-05	0.0004211000000000001	0.0	0.021804000000000004
SRR6000912	0.0	0.0	0.0	0.0	7.04000070400007e-05	0.0	0.0	0.0	0.0	0.0	0.0	0.0	0.0	0.0	0.0	0.0	0.0005778000577800058	0.0	4.060000406000041e-05	0.0	0.6926890692689069	0.0	0.0	0.0	1.600000160000016e-05	0.0	0.013116501311650132	4.480000448000045e-05	5.190000519000052e-05	0.15379281537928155	0.0	0.0	0.0	0.0	0.0	0.0	0.0	0.0	0.0	0.0	3.760000376000038e-05	0.0	0.0	0.0	0.0	4.600000460000046e-05	0.0	0.0	0.0	0.0	0.0	0.005109600510960052	0.0	0.0	0.004834600483460049	0.000790600079060008	0.0	0.0038113003811300387	0.0	4.340000434000044e-05	0.0012410001241000125	0.00020660002066000206	0.0	0.0010233001023300101	0.0005125000512500052	0.0012317001231700125	0.000795200079520008	0.0	0.0	0.0	0.04618910461891046	4.420000442000045e-05	0.00023860002386000238	0.0	0.0	0.0	0.0005855000585500059	0.0	0.0	0.0	0.0	0.0008475000847500086	0.002298100229810023	0.012052201205220122	0.01478770147877015	1.4800001480000147e-05	0.0	0.0	0.0	0.001607200160720016	0.0006106000610600061	0.0	0.0	0.0	0.0	0.0	0.0028833002883300292	0.0	0.0	0.0	0.0	0.0	0.0	0.0	2.9100002910000294e-05	0.0	0.0	0.0	0.0	0.0	0.0003525000352500035	0.0	4.7000004700000475e-06	0.0	0.0	0.0	0.0	0.001394600139460014	0.0	0.0	0.0	0.0	0.0	0.0	0.0	0.0	0.0	0.0	0.0	0.0005418000541800054	0.0	0.0	0.0	0.032544103254410324	0.0028911002891100286	0.0	0.0	0.0	0.0	0.0	0.0	0.0	0.0	0.0	0.0	0.0
SRR6000920	0.0	0.0	0.0003575998927200322	0.0	0.014719295584211324	0.0	0.0	4.719998584000425e-05	0.0	0.0	0.0	0.0	0.007825897652230704	0.0	0.0001289999613000116	0.0003408998977300306	0.0010201996939400916	3.1999990400002878e-06	0.0007350997794700662	0.0005970998208700537	0.5057452482764254	0.0	0.0	0.0	0.005724198282740514	4.549998635000409e-05	0.0	0.0001546999535900139	0.0022731993180402045	0.13051046084686174	1.1199996640001005e-05	0.0	0.0	3.409998977000307e-05	0.0	0.0	0.0	0.0	0.0	0.00033539989938003015	0.025383092385072283	0.0	0.0	0.0	0.005123398462980461	0.00015969995209001435	0.0	3.0199990940002716e-05	1.8299994510001646e-05	3.169999049000285e-05	0.0	0.0027527991741602476	0.00019829994051001783	0.0	0.0055709983287005015	0.0004086998773900367	0.0	0.019195694241291725	0.0	0.0	0.00400829879751036	0.0010709996787000963	0.0	0.0	0.0036001989199403238	0.0	0.013747395875781237	0.0	0.0	0.0	0.0013845995846201245	0.0025741992277402313	0.0	0.0	0.0	0.0	0.00041899987430003767	0.0	0.0	0.0	0.0	0.0	0.01346589596023121	0.012838296148511154	0.012735096179471146	0.00025539992338002295	0.0	0.0	0.02191619342514197	0.00017369994789001562	0.009846497046050886	0.0	5.619998314000505e-05	0.0	0.0	0.0	0.001366699589990123	0.0	0.0	0.0	0.0	0.0005095998471200459	0.0	2.459999262000221e-05	0.08019417594174721	0.0	0.01044739686578094	0.0	0.0	0.00014629995611001317	0.0	0.0	2.5599992320002302e-05	0.0	0.0	8.799997360000792e-06	0.0	0.0	0.0	0.0	0.0	0.0	0.0	0.0	0.0	0.004133498759950372	0.0	0.0	0.0	0.0	0.0	0.0	0.0	0.058455282463415255	4.21999873400038e-05	0.0	0.0	0.0	0.0	0.0	2.7299991810002457e-05	0.0	0.00014119995764001267	0.0	0.0	0.01690299492910152
SRR6000921	0.0	0.0	0.0	0.0	0.0	0.0	0.0	0.0	0.0	0.0	0.0	0.0	0.0010925001092500109	0.0	0.00017960001796000181	0.00030260003026000304	0.00035040003504000346	0.0	6.530000653000065e-05	0.0	0.6736687673668766	0.031909803190980315	0.0	0.020575102057510203	0.014264801426480143	0.0	0.0	1.1700001170000118e-05	0.0031554003155400316	0.044627704462770444	0.0	0.0	0.0	0.0	0.0	0.00016700001670000167	0.0	0.0	0.0	0.0	4.740000474000048e-05	0.0	0.0	0.0	0.00011600001160000115	0.0	0.0	0.0	0.0	0.0	8.270000827000083e-05	8.640000864000086e-05	0.0	0.0	0.050057205005720494	0.010087501008750102	0.0003602000360200036	0.002114500211450021	0.0	0.004043700404370041	0.007639100763910078	0.00021290002129000212	0.0	0.011273801127380112	0.0	0.021899202189920218	0.02096200209620021	0.0	0.0	0.0	0.0062131006213100625	0.0	0.0	0.007228700722870073	0.0	0.0	0.0	0.0	0.0	0.00040490004049000407	0.0	0.0	0.0	0.03859500385950039	0.0003328000332800034	6.370000637000064e-05	0.0	1.400000140000014e-05	0.013508501350850136	0.0021515002151500217	0.0008800000880000089	0.0	0.0	0.0	0.0	0.0	0.00012510001251000126	0.0	0.0	0.0	0.0	0.00023550002355000237	0.0	0.0	0.0017823001782300179	0.0	0.007450100745010076	0.0	0.0	0.0	0.0	0.0	0.0	0.0	0.0	0.0	0.0	0.0	0.0	0.0	0.0	0.0	0.0	0.0	0.0	0.0	0.0	0.0	0.0	0.0	0.0	0.0	0.0	0.0016615001661500165	0.0	0.0	0.0	0.0	0.0	0.0	0.0	0.0	0.0	0.0	0.0	0.0
SRR6000931	0.0	0.0	0.0	0.0	0.006541303270651634	0.0	0.0	0.0	0.0	0.0	0.0	0.0	0.011530105765052883	0.0	0.00032340016170008084	0.0004184002092001045	0.0	0.0	0.0	0.0001729000864500432	0.38574799287399636	0.016877608438804217	0.0005493002746501372	0.009594804797402396	0.011759205879602939	0.0	0.0	2.7700013850006922e-05	0.05816832908416454	0.01865810932905466	0.0	0.0	0.0	0.0	0.003165501582750791	0.004113602056801028	0.0	0.0	0.0	6.300003150001574e-06	0.002319001159500579	0.0	1.4800007400003698e-05	0.0	0.01164940582470291	0.0	0.0	0.0	0.0	0.0	0.0003205001602500801	0.00017070008535004263	0.0	0.0	0.08788864394432197	0.0009033004516502257	0.0	0.004296302148151074	0.0	0.0018033009016504506	0.016229508114754054	2.9800014900007446e-05	0.0	0.005571602785801392	0.00010340005170002584	0.011782005891002943	0.02345711172855586	0.0	0.0	0.0	0.05183262591631295	0.0	0.0	0.014437707218853608	0.0	0.0	0.005226102613051306	0.0	0.0	0.0008510004255002126	0.0	2.8700014350007168e-05	2.1500010750005372e-05	0.07232423616211807	0.0001257000628500314	0.0006655003327501663	2.860001430000715e-05	0.0	0.050500125250062616	0.0	0.0005824002912001455	0.00023560011780005889	6.4000032000015995e-06	0.0	0.0	0.0	0.0003753001876500938	9.860004930002463e-05	0.00038100019050009524	0.00035300017650008816	0.0	7.590003795001897e-05	0.0	0.0	0.0051659025829512905	0.013375606687803344	2.0100010050005022e-05	0.0	0.0	0.0	0.002664301332150666	0.0	0.004624002312001155	0.0	0.0	0.0	0.0	0.0009231004615502307	4.900002450001224e-06	0.0003480001740000869	0.0002541001270500635	0.00024040012020006007	2.630001315000657e-05	4.300002150001075e-06	0.0	0.00026260013130006564	0.0	0.0	7.52000376000188e-05	0.0012903006451503226	0.0	3.430001715000857e-05	0.0	0.07277283638641818	0.005026402513201256	0.0	0.0	2.1000010500005246e-05	0.0	0.0	0.0003293001646500823	0.0	0.00019310009655004826	0.0	0.0	0.0
SRR6000932	0.006355101271020254	0.0	0.0	0.0	0.0	0.0	0.0	0.0	0.0	0.0001049000209800042	0.0	0.0	0.036063907212781444	0.0	0.00025650005130001025	0.0008190001638000327	0.0003200000640000128	0.0	0.0004445000889000178	0.0	0.3571851714370342	0.030193306038661206	0.01805360361072072	0.005893401178680235	0.006108901221780243	0.0	0.0	0.0	0.18053263610652723	0.07742391548478308	0.0	0.0	0.0	0.0	0.0	0.0002449000489800098	0.0	0.0	0.0	0.0	0.0012406002481200494	5.860001172000234e-05	8.28000165600033e-05	0.0	0.0018928003785600757	0.0	0.0	0.0	0.0	0.0	0.00023430004686000934	0.0027368005473601097	0.0	0.00022380004476000895	0.03531750706350141	0.015134303026860602	0.000551500110300022	0.005841601168320234	0.0	0.001654000330800066	0.007989401597880318	0.0010929002185800438	0.0	0.005873301174660234	0.0024119004823800966	0.001030300206060041	0.016341103268220653	0.0	0.0	0.0	0.022572704514540902	0.0	0.0	0.0	0.0	0.0	0.0	0.0	0.0	0.004023600804720161	0.0	0.0	0.0009338001867600372	0.01153900230780046	0.0020236004047200808	0.00021770004354000865	0.00021890004378000873	0.0	0.0054762010952402185	0.0	0.0020391004078200814	0.0001153000230600046	0.0	0.0	0.0	0.0014216002843200565	0.0015383003076600613	0.0	0.0	0.0	0.0	0.0	0.0	0.0	0.005816201163240232	0.0018226003645200725	0.011923302384660476	0.0	0.0	0.0	0.0	0.0	0.0	0.0	0.0	0.0	0.0	0.0	0.0	0.0	0.0	0.0029924005984801197	0.0	0.0	0.0	0.0028144005628801126	0.012652702530540506	0.005877001175400235	0.0	0.0	0.0	0.0	0.0	0.0	0.0	0.0	0.0	0.0	0.0	0.0	0.0	0.0	0.00019520003904000777	0.003433600686720137	0.0	0.08064551612910323
SRR6000940	0.0	1.699999830000017e-05	0.0007171999282800072	0.0	1.0599998940000105e-05	0.0	0.0	0.0	0.0	0.0	1.399999860000014e-05	2.9999997000000295e-06	0.0	0.0	0.010428098957190103	0.00605969939403006	0.013817998618200137	0.00012089998791000121	0.002340099765990023	0.0	0.3619061638093836	0.0	5.04999949500005e-05	0.0	0.007352199264780073	0.0	0.0	0.0	0.17750428224957174	0.027183697281630274	0.0	0.0	0.0	0.0	0.0	7.119999288000072e-05	0.0	6.299999370000063e-05	0.0009330999066900094	2.699999730000027e-05	0.02920039707996029	0.0	0.000507599949240005	0.0	0.0011534998846500113	0.0	7.219999278000072e-05	0.0	0.0	0.0	0.003501999649800035	0.001724499827550017	0.0	0.000896199910380009	0.044173395582660445	0.00102029989797001	0.003620399637960036	0.006533999346600065	0.0	0.0010669998933000107	0.02141979785802021	0.008436099156390086	0.0	0.0	0.002492299750770025	0.0	0.06748699325130067	1.3999998600000138e-06	0.0	0.0	0.009303399069660092	0.0	0.0	0.0	0.0	0.0	0.0	0.0	0.0	0.0	0.0	0.0	0.0009319999068000093	0.002111099788890021	0.010336198966380102	0.0	2.579999742000026e-05	0.0	0.004764299523570048	0.01715679828432017	0.034355296564470346	0.0	0.009290799070920092	0.0	0.0	0.0007338999266100072	0.0011710998828900116	0.0	0.0	0.02342559765744023	0.0	0.0012290998770900122	0.0	0.0	0.035261396473860354	0.0	0.0	0.0	0.0	0.0	2.309999769000023e-05	0.0	0.0	0.0	0.0	2.7999997200000277e-06	0.0	5.449999455000054e-05	0.0	0.0	0.0	0.0	0.0	0.0	0.0	0.0	0.0	0.0	0.0	0.0	0.0	0.0	0.0	0.01712159828784017	0.0	0.0	0.0	0.0	0.0	0.0	0.0	0.0	0.0	0.014944998505500148	0.015828398417160158	0.0
SRR6000942	0.0019122000000000002	0.0	3.07e-05	0.0	0.0	0.0	0.0	0.0	0.0	0.0	0.0	0.0	0.0096836	0.0	0.00021730000000000005	0.0002643000000000001	0.0029014000000000006	0.0	0.0020256000000000002	0.0	0.6834379	0.0	0.0	0.0	0.0121618	0.0	0.0	0.0	0.0063429	0.0359502	9.090000000000003e-05	0.0	0.0	0.0	0.0	0.0006414000000000001	0.0	0.0	0.0	1.7600000000000004e-05	0.022341200000000002	5.2300000000000004e-05	0.00012910000000000002	0.0	4.9600000000000006e-05	0.0	0.0	0.0	0.0	0.0	0.0028661000000000003	0.00031000000000000005	0.0003939	0.00016010000000000002	0.00016270000000000002	0.0038386	0.0	0.0414812	0.0	0.0	0.010191	0.0030992000000000003	0.0	0.0	0.0014823000000000002	0.0	0.0	0.0	0.0008519000000000002	0.0	0.004338800000000001	0.0	0.0	0.0	0.0022309000000000005	0.0	0.0	0.0	0.0	0.00016830000000000003	0.0	0.0	0.0026436000000000003	0.000697	0.006771600000000001	0.0	0.0	0.00032920000000000003	0.0359042	0.0	0.05065230000000001	0.0	0.0	0.0	0.0	0.0	0.006788000000000001	0.0	0.0	0.0	0.0	0.0	0.0	0.0	0.011436500000000002	0.0	0.0064734	0.0	0.0	0.0	0.0	0.0	0.0	0.0	0.0	0.0	0.0	0.0	0.0	0.0	0.0	0.0169796	0.0	0.00018930000000000005	0.0	0.0	0.0	0.0	0.0	0.0	0.0	0.00011780000000000002	0.0	0.0	0.0	0.0	0.0	0.0	0.0	0.0	0.0	0.0	0.0011692000000000002	0.0014528000000000002	0.0	0.008570500000000002
SRR6000943	0.0	0.0	0.0	0.0	0.013680801368080137	0.0	0.0	0.0	0.0	0.0	0.0	0.0	0.0	0.0	0.0	0.0	0.000500300050030005	0.0	0.00017470001747000175	0.0	0.7301495730149573	0.0	0.0	0.0	0.0	0.0	0.0	4.200000420000042e-05	0.015061201506120152	5.300000530000053e-06	0.0	0.0	0.0	0.0	0.0	0.00021320002132000214	0.0	0.0	0.0	0.0	0.0005775000577500058	0.0	0.0	0.0	0.001606300160630016	6.430000643000065e-05	0.0	0.0	0.0	0.0	0.0	0.0	0.0016533001653300167	0.0	9.630000963000096e-05	0.00699310069931007	0.0	0.008686900868690086	0.0	0.0	0.001901100190110019	0.0010799001079900108	0.0	0.002704000270400027	0.0009390000939000094	0.0	0.007585300758530076	0.0	0.0	0.0	0.011871101187110121	0.000401300040130004	0.0	0.0	0.0	0.0	0.0005264000526400053	0.0	3.100000310000031e-05	0.0	0.0	0.0	0.0004447000444700044	4.040000404000041e-05	0.0023334002333400237	0.0	1.98000019800002e-05	0.0	0.00499920049992005	0.0	0.005428700542870054	0.0	0.001895200189520019	0.0	0.0	0.00034820003482000344	0.0007363000736300074	0.0	0.0	0.0	0.0	0.0003822000382200038	0.0	0.00017660001766000175	0.004406600440660045	0.0	0.0	0.0	0.0	0.0	0.000395200039520004	0.0	0.0016233001623300162	0.0	0.0	0.0	0.0	0.0	0.0	0.0	0.0	0.0005586000558600056	0.0	0.0005411000541100055	0.0	0.0	0.0	0.0	0.0	0.0	0.0	0.0	0.0	0.15721261572126158	0.000892200089220009	0.0	0.0	0.0	0.0	0.0	0.0	0.0	0.009243800924380093	0.0	0.0	0.001778000177800018
SRR6000944	0.0	0.0	0.0	0.0	0.0	0.0	0.0	0.0	0.0	0.0	0.0	0.0	0.00046059995394000464	0.0	7.929999207000079e-05	0.0001823999817600018	0.0002102999789700021	0.0	9.9999990000001e-05	0.0	0.6879354312064568	0.0	0.018701698129830188	0.0007485999251400074	0.009741099025890097	0.0	0.0	0.0	0.1099134890086511	0.05618129438187057	0.0	0.0	0.0	0.0	0.0	0.0009660999033900096	0.0	0.0	0.0	0.0	0.0001092999890700011	0.0	4.799999520000047e-06	0.0	0.0006508999349100064	0.0	0.0	0.0	0.0	5.7499994250000574e-05	3.0999996900000306e-05	0.0015529998447000154	0.0	0.0	0.02517759748224025	0.00492009950799005	0.00010199998980000102	0.0008748999125100087	0.0	0.001290899870910013	0.0013291998670800134	4.339999566000043e-05	0.0	0.002668799733120027	7.579999242000075e-05	0.02513349748665025	0.006054299394570061	0.0	0.0	0.0	0.007611699238830076	0.0	0.0	2.5499997450000255e-05	0.0	0.0	6.999999300000069e-07	0.0	0.0	0.0007481999251800074	0.0	0.0	0.00017539998246000175	0.020397297960270205	4.989999501000049e-05	0.0010171998982800102	3.099999690000031e-06	0.0	0.00011699998830000117	0.0030865996913400306	0.0008197999180200082	0.0	0.0	0.0	0.0	0.000510399948960005	0.0	0.0	0.0	0.0	0.0	0.00018889998111000188	0.0	3.99999960000004e-06	0.0015010998498900148	0.0	0.0	0.0	0.0	0.0	0.0009507999049200095	0.0	0.0	0.0	0.0	0.0	0.0	0.0	0.0	0.0	0.0	0.0068141993185800685	0.0	5.499999450000055e-06	0.0	0.00023599997640000236	0.0	0.0	0.0	0.0	0.0	0.0	0.0	5.159999484000052e-05	0.0	0.0	0.0	0.0	0.0	0.0	2.1699997830000217e-05	0.0	0.00034009996599000344	0.0	0.0	2.5999997400000257e-05
SRR6000945	0.0	0.0	0.0	0.0	0.0	0.0	0.0	0.0	0.0	0.0	0.0	0.0	0.0	0.0	0.0	0.0	0.0	0.0	0.0	0.0	0.7460698492139698	0.0	0.0	0.0	0.0	0.0	0.0	0.0	0.0	0.0	0.0	0.0	0.0	0.0	0.0001769000353800071	5.460001092000219e-05	0.0	0.0	0.0	0.0	0.0009450001890000378	0.0	0.0	0.00041660008332001673	0.0	0.0005189001037800208	0.0	0.0	0.0	0.0	0.0011154002230800448	0.0	0.0	0.0	0.0	0.0012674002534800509	0.0	0.023360404672080937	0.0	0.0	0.005708101141620229	0.0	0.0	0.0	0.011271702254340451	0.0015452003090400618	0.0	0.0	0.0	0.0	0.05586191117238224	0.0	0.0	0.0	0.0	0.0	0.002180100436020087	0.0	0.0	0.0	0.0	0.0	0.0	0.0	0.005564901112980222	0.0	0.0	0.0	0.0	0.0	0.0	0.0	0.0011876002375200475	0.0	0.0	0.0	0.0013567002713400546	0.0	0.0	0.0	0.0	0.0	0.0	0.0	2.200000440000088e-05	0.0	0.0	0.0	0.0	0.0	0.0	0.0	0.0150523030104606	0.0	0.0	0.0	0.0	0.0	0.0	0.0	0.0	0.048729509745901955	0.0	0.00023420004684000938	0.0	0.0011871002374200476	0.0	0.0	0.0	0.0	0.0	0.01394060278812056	0.0	0.04938420987684198	0.009151901830380366	0.0	0.0003637000727400146	9.690001938000389e-05	0.0	0.0	1.8600003720000746e-05	0.0	0.0032177006435401287	0.0	0.0	0.0
SRR6000946	0.03290469341906131	0.0	0.0006185998762800247	3.439999312000137e-05	0.018560796287840742	0.0	0.0	0.0	0.0	0.0	0.0	0.0	0.02802199439560112	4.199999160000168e-06	0.0003073999385200122	0.00024939995012001	0.0012195997560800486	0.0	0.0013972997205400556	0.0	0.11847547630490474	0.014430497113900575	0.0002359999528000094	0.0016739996652000667	0.007240398551920289	0.0	0.0018984996203000757	0.0	0.3708331258333748	0.03826859234628153	2.599999480000104e-05	0.0	0.0	0.0	0.031773093645381265	0.01077039784592043	0.0	0.0004996999000600199	0.011379797724040455	8.76999824600035e-05	0.10354907929018414	0.0	0.0	0.0	0.003423399315320137	0.0	0.0	0.0	0.00013239997352000528	0.0	0.011285097742980452	0.0043043991391201715	0.0	0.0	0.005211298957740208	0.005285698942860211	0.0	0.0024914995017000998	0.0	0.0	0.0	0.0	0.0	0.0007913998417200316	0.001548399690320062	0.0	0.016198196760360647	0.0	0.0	0.0	0.009473298105340377	0.0062285987542802495	0.0	0.0	0.0	0.0	0.0	0.0	0.0	0.0	0.0	0.0004289999142000171	0.0022349995530000894	0.01649729670054066	0.00030399993920001214	0.0	0.0001796999640600072	0.0	0.0005289998942000212	0.007942498411500317	0.009698198060360388	0.0	0.000878299824340035	0.0	0.0	0.0	0.0007448998510200298	0.0	0.0	0.0	0.0	0.0	0.0	0.0	0.0013430997313800535	0.0	0.0023931995213600952	0.0	0.0	0.0	0.0	0.0	0.0	0.0	0.0	0.0	0.0	0.0	0.0	0.0	0.0	0.0	0.0	0.0	0.0	0.0010114997977000405	0.0005724998855000229	0.0	0.0	0.0	0.0	0.0	0.0	0.003287999342400131	0.0004104999179000164	0.0	0.0	0.0	0.0	0.0	0.0	0.0	0.0	0.025024794995040997	0.02675779464844107	0.03892629221474156
SRR6000947	0.0	0.0	0.0	0.0	0.0007320997803700659	0.0	0.0	0.0	0.0	0.0	0.0	0.0	0.001166599650020105	0.0	0.00011629996511001047	0.0002234999329500201	0.0	0.0	0.0001752999474100158	0.0	0.4133412759976173	0.0	0.0024222992733102184	0.0	0.0076154977153506855	0.0	0.027084891874532443	0.26394102081769377	0.02878959136312259	0.03538888938333319	0.0	0.0	0.0	0.0	0.0	0.00011479996556001032	0.0	0.0	0.0	0.0003714998885500335	0.0005385998384200485	0.0	0.0	0.0	0.0021956993412901977	0.0	0.0	0.0	0.0	0.0	0.0007607997717600684	6.869997939000619e-05	0.0	0.0	0.023290593012822092	0.014471495658551303	0.0	0.024372092688372194	0.0	0.007644997706500688	0.006376098087170574	2.8399991480002554e-05	0.0	0.004700298589910423	1.9599994120001765e-05	0.00789229763231071	0.007830597650820706	0.0	0.0	0.0	0.004261598721520384	0.0	0.0	0.00014509995647001304	0.0	0.0	1.6199995140001458e-05	0.0	0.0	0.0012598996220301137	0.0	0.0	0.00020109993967001811	0.04126148762155372	0.00017999994600001622	0.0005767998269600519	0.0	0.0	0.006244098126770563	0.03201549039535288	0.0019731994080401777	0.0	0.0	0.0004648998605300418	0.0	0.00012359996292001112	0.00036379989086003276	0.0	0.0	0.0	0.0014133995759801274	0.0001962999411100177	0.0	0.0	0.008839097348270797	0.0	0.006847697945690617	0.0	0.0	0.0	0.0	0.0	1.1199996640001007e-05	0.0	0.0	0.0	0.0	0.0	0.0	0.0	0.0	0.0006086998173900549	0.0	0.0	0.0	6.87999793600062e-05	0.0	0.0	0.0	0.0	0.0	0.00029389991183002644	0.0	0.010888496733450981	3.6299989110003266e-05	0.0	0.0	0.0	0.0	0.0	0.0	0.0	3.379998986000304e-05	0.0	0.0	1.199999640000108e-06
SRR6000949	0.0	0.0	0.0	0.0	0.011705303511591053	0.0	0.0	0.0	0.0	0.0	0.0	0.0	0.0044281013284303995	0.0	2.130000639000192e-05	7.32000219600066e-05	1.3500004050001218e-05	0.0	5.2300015690004706e-05	0.0	0.17826395347918605	0.0	0.0	0.0034027010208103063	0.008341702502510753	0.0	0.005508301652490497	0.3685497105649132	0.03919371175811353	0.028006808402042522	8.600002580000775e-06	0.0	0.0	0.0	0.0	0.0	0.0	0.0	0.0	0.0	0.00014750004425001327	0.0	4.000001200000361e-06	0.0	0.00018780005634001695	0.0	0.0	0.0	0.0	1.200000360000108e-06	0.00019930005979001795	4.1000012300003695e-05	0.0	0.0	0.10622923186876958	0.013571004071301223	2.9500008850002656e-05	0.015262204578661377	0.0	0.0028778008633402598	0.006807902042370613	3.400001020000306e-05	0.0	0.005986801796040539	1.5100004530001362e-05	0.0	0.0067991020397306125	0.0	0.0	0.0	0.026569907970972393	0.0	0.0	0.0020338006101401833	0.0	0.0	0.0006340001902000571	0.0	0.0	0.0027328008198402465	0.0	2.100000630000189e-05	2.730000819000246e-05	0.0343503103050931	0.0007083002124900637	0.00254840076452023	0.0	0.0	0.003419701025910308	0.07861592358477708	0.0014146004243801274	1.8600005580001676e-05	0.0	0.0	0.0	0.0	8.66000259800078e-05	0.0	0.0	0.0003655001096500329	0.0	6.790002037000612e-05	0.0	0.0	0.0009590002877000864	0.024894107468232243	0.0	0.0	0.0002473000741900223	0.0	0.011915203574561075	0.0	0.0	0.0	0.0	7.180002154000647e-05	0.0	0.0	0.0	0.0	0.0	0.0	0.0	0.0	0.0	0.0	0.0	0.0	7.600002280000684e-06	0.0	0.0	0.0	0.0003429001028700309	0.0	0.0	0.0	0.0	0.0	0.0	0.0	0.0	0.0	0.0	0.0	0.0	0.002184800655440197
